transaction_id,account_id,transaction_date,amount,transaction_type
1,12,2023-01-01,3154.2012216687417,Transfer
2,95,2023-01-02,2216.5383206418287,Transfer
3,46,2023-01-03,-718.4417396889176,Deposit
4,130,2023-01-04,8746.047382631521,Withdrawal
5,35,2023-01-05,-4582.929021269235,Transfer
6,81,2023-01-06,-4856.71504865486,Withdrawal
7,90,2023-01-07,5710.832525819144,Deposit
8,8,2023-01-08,5300.481920715349,Transfer
9,93,2023-01-09,2768.8138949593394,Withdrawal
10,90,2023-01-10,-439.7611095140319,Deposit
11,115,2023-01-11,3512.11064595206,Withdrawal
12,105,2023-01-12,9604.15148559767,Transfer
13,135,2023-01-13,13577.731039371125,Transfer
14,58,2023-01-14,-7282.068527375783,Deposit
15,114,2023-01-15,-1094.6005962427325,Deposit
16,75,2023-01-16,-1408.866314924198,Deposit
17,120,2023-01-17,9132.59735849841,Withdrawal
18,21,2023-01-18,-11406.474932826008,Withdrawal
19,138,2023-01-19,3569.1759653277304,Withdrawal
20,101,2023-01-20,-284.05154209516786,Deposit
21,99,2023-01-21,9190.563747738202,Transfer
22,36,2023-01-22,8505.194200022303,Transfer
23,96,2023-01-23,2827.5336741334636,Withdrawal
24,37,2023-01-24,-6898.615353558985,Withdrawal
25,12,2023-01-25,-1869.4474116756655,Transfer
26,113,2023-01-26,-1321.9553830686923,Transfer
27,13,2023-01-27,-5632.273972267324,Withdrawal
28,23,2023-01-28,6772.92140929685,Withdrawal
29,99,2023-01-29,-6267.13248637203,Transfer
30,105,2023-01-30,10826.637542268561,Deposit
31,30,2023-01-31,10814.113170227292,Withdrawal
32,17,2023-02-01,-925.3013092975314,Transfer
33,113,2023-02-02,2642.47685064908,Transfer
34,62,2023-02-03,638.5826096478795,Transfer
35,84,2023-02-04,5509.124001808452,Transfer
36,112,2023-02-05,7373.386692823796,Deposit
37,86,2023-02-06,2289.984960600331,Transfer
38,141,2023-02-07,3345.583548905314,Withdrawal
39,19,2023-02-08,-42060.42639395163,Deposit
40,100,2023-02-09,3183.5698344516923,Transfer
41,140,2023-02-10,1813.8103946199044,Deposit
42,147,2023-02-11,-3558.972443756784,Withdrawal
43,76,2023-02-12,929.8144532844439,Transfer
44,9,2023-02-13,-915.9125899303656,Withdrawal
45,28,2023-02-14,-2047.477909090293,Transfer
46,128,2023-02-15,-4732.456037997839,Transfer
47,52,2023-02-16,1312.5136662473797,Transfer
48,83,2023-02-17,-2902.3700316267177,Transfer
49,111,2023-02-18,-1355.5408615134966,Transfer
50,144,2023-02-19,6375.621376086445,Deposit
51,117,2023-02-20,4160.58050634189,Transfer
52,69,2023-02-21,-3893.8332393062674,Transfer
53,99,2023-02-22,2759.4553395321805,Deposit
54,140,2023-02-23,1663.903491320776,Deposit
55,25,2023-02-24,9508.481042667305,Deposit
56,123,2023-02-25,7915.725004361373,Deposit
57,53,2023-02-26,-6668.74362854918,Deposit
58,144,2023-02-27,5305.638344793006,Deposit
59,57,2023-02-28,7325.986258118494,Transfer
60,39,2023-03-01,3796.7960436416556,Transfer
61,109,2023-03-02,-677.060718470954,Withdrawal
62,42,2023-03-03,13066.969575585683,Transfer
63,142,2023-03-04,4257.046404635112,Transfer
64,122,2023-03-05,10882.721368641138,Deposit
65,133,2023-03-06,7757.3921473675355,Deposit
66,75,2023-03-07,3320.673301116519,Transfer
67,146,2023-03-08,-1898.5045573681373,Withdrawal
68,76,2023-03-09,879.4756092374934,Deposit
69,9,2023-03-10,-109.56226396776606,Transfer
70,74,2023-03-11,-5072.59477824635,Transfer
71,145,2023-03-12,4251.407874798515,Withdrawal
72,7,2023-03-13,8836.765009797045,Withdrawal
73,141,2023-03-14,-491.5174727572339,Deposit
74,137,2023-03-15,11818.282496123686,Withdrawal
75,27,2023-03-16,-6787.913929308668,Transfer
76,122,2023-03-17,6271.817741936018,Transfer
77,5,2023-03-18,9357.601177027049,Withdrawal
78,29,2023-03-19,-20.152904905302762,Withdrawal
79,83,2023-03-20,69.71747428559559,Withdrawal
80,136,2023-03-21,6213.825879222006,Withdrawal
81,109,2023-03-22,3529.9555497976726,Deposit
82,65,2023-03-23,-8987.056717297535,Withdrawal
83,86,2023-03-24,-3216.865772696904,Deposit
84,145,2023-03-25,932.2522597627013,Transfer
85,71,2023-03-26,-5848.490898425334,Withdrawal
86,45,2023-03-27,-1370.8715821495184,Deposit
87,132,2023-03-28,-5723.427126219671,Withdrawal
88,36,2023-03-29,-850.8531527669518,Transfer
89,70,2023-03-30,-683.1136366058038,Transfer
90,19,2023-03-31,55175.46765937135,Transfer
91,108,2023-04-01,541.2033800024969,Withdrawal
92,91,2023-04-02,3513.9486052037805,Withdrawal
93,90,2023-04-03,2917.720037369608,Deposit
94,19,2023-04-04,123133.99942643104,Transfer
95,39,2023-04-05,5368.915204800579,Withdrawal
96,126,2023-04-06,4840.6191756735825,Transfer
97,141,2023-04-07,16524.337142333607,Transfer
98,126,2023-04-08,2737.013183211644,Deposit
99,58,2023-04-09,13967.857519294308,Deposit
100,148,2023-04-10,3061.0920112196673,Deposit
101,61,2023-04-11,585.7454259705403,Deposit
102,127,2023-04-12,-865.8259110659853,Transfer
103,105,2023-04-13,8548.628992242146,Deposit
104,1,2023-04-14,9202.51696443969,Deposit
105,131,2023-04-15,3998.9192798236454,Deposit
106,92,2023-04-16,6667.733872513529,Deposit
107,113,2023-04-17,-5386.102329615416,Transfer
108,56,2023-04-18,-6743.899112561059,Deposit
109,117,2023-04-19,7231.634428987269,Transfer
110,134,2023-04-20,365.94251048489093,Withdrawal
111,58,2023-04-21,4746.5120869875145,Transfer
112,44,2023-04-22,-2586.4397497803907,Transfer
113,61,2023-04-23,9284.942348523877,Deposit
114,47,2023-04-24,-6702.093359445182,Withdrawal
115,149,2023-04-25,-5927.925432413444,Withdrawal
116,80,2023-04-26,8221.557918561724,Withdrawal
117,118,2023-04-27,-12049.208964914502,Withdrawal
118,147,2023-04-28,2892.8443404745803,Transfer
119,20,2023-04-29,9267.400440342328,Withdrawal
120,146,2023-04-30,-2679.759596000149,Transfer
121,47,2023-05-01,0.3007570481561288,Transfer
122,49,2023-05-02,-3237.6174654490505,Transfer
123,14,2023-05-03,8711.279730242495,Withdrawal
124,143,2023-05-04,10022.485441808049,Deposit
125,1,2023-05-05,-2428.6879339417233,Deposit
126,117,2023-05-06,2377.624387342656,Withdrawal
127,54,2023-05-07,-5625.382354680236,Deposit
128,118,2023-05-08,6365.260795015634,Deposit
129,3,2023-05-09,6235.045873216572,Transfer
130,144,2023-05-10,-476.3111635384482,Transfer
131,12,2023-05-11,1084.4252920994768,Withdrawal
132,74,2023-05-12,531.1727523866452,Withdrawal
133,16,2023-05-13,-7092.289168401378,Deposit
134,102,2023-05-14,8730.020738000636,Transfer
135,117,2023-05-15,-2834.766194412154,Withdrawal
136,8,2023-05-16,-2800.746361289606,Withdrawal
137,122,2023-05-17,247.90072769083497,Withdrawal
138,92,2023-05-18,5977.742926811393,Withdrawal
139,90,2023-05-19,-1956.5160754601543,Withdrawal
140,136,2023-05-20,-8760.926107017222,Withdrawal
141,60,2023-05-21,-3434.99030364767,Deposit
142,28,2023-05-22,3120.7020953949523,Transfer
143,101,2023-05-23,11948.751439045935,Transfer
144,41,2023-05-24,-5299.5998318657785,Withdrawal
145,145,2023-05-25,-5482.508837404145,Transfer
146,141,2023-05-26,-6562.977504194079,Transfer
147,46,2023-05-27,-7183.624956496705,Transfer
148,35,2023-05-28,7028.457300407152,Withdrawal
149,134,2023-05-29,8473.442876821899,Withdrawal
150,82,2023-05-30,1888.779467902012,Transfer
151,115,2023-05-31,-1338.5638607042843,Transfer
152,47,2023-06-01,9955.71893431313,Withdrawal
153,10,2023-06-02,1869.5402082825235,Deposit
154,56,2023-06-03,6447.183546802171,Transfer
155,30,2023-06-04,-1582.2447086090783,Deposit
156,109,2023-06-05,1221.2192711188688,Transfer
157,5,2023-06-06,-5186.708227235232,Deposit
158,119,2023-06-07,4146.2448594679245,Deposit
159,33,2023-06-08,1954.6887538665787,Deposit
160,118,2023-06-09,-3472.8161620689207,Withdrawal
161,65,2023-06-10,-3405.535747632307,Deposit
162,146,2023-06-11,9079.792516693717,Deposit
163,11,2023-06-12,10858.343752309082,Deposit
164,85,2023-06-13,-65.67668333660617,Transfer
165,26,2023-06-14,26775.35727621626,Deposit
166,63,2023-06-15,3000.572373241085,Transfer
167,86,2023-06-16,1740.1587907984358,Deposit
168,59,2023-06-17,-7371.488602693151,Deposit
169,27,2023-06-18,3139.3533859519302,Withdrawal
170,98,2023-06-19,-9439.445173003043,Transfer
171,105,2023-06-20,-2663.4209562880956,Deposit
172,99,2023-06-21,3527.1357331240883,Transfer
173,129,2023-06-22,3999.9710396241862,Transfer
174,149,2023-06-23,-3050.3654210474497,Withdrawal
175,55,2023-06-24,-1292.1847009345884,Withdrawal
176,6,2023-06-25,-1969.182544992268,Withdrawal
177,95,2023-06-26,485.7791843196501,Withdrawal
178,133,2023-06-27,866.0282668216823,Withdrawal
179,102,2023-06-28,4342.340647645553,Withdrawal
180,3,2023-06-29,-1584.4843144489178,Withdrawal
181,23,2023-06-30,2866.980959567776,Withdrawal
182,53,2023-07-01,3535.078822435957,Deposit
183,83,2023-07-02,1991.4468868593267,Transfer
184,145,2023-07-03,-298.0291122473725,Withdrawal
185,85,2023-07-04,1903.2273213772019,Withdrawal
186,78,2023-07-05,4758.701366967881,Transfer
187,110,2023-07-06,5195.924338581561,Deposit
188,1,2023-07-07,10076.86342413453,Transfer
189,51,2023-07-08,-3950.1311815313084,Transfer
190,4,2023-07-09,-1200.0369549770126,Withdrawal
191,113,2023-07-10,-7067.343301342011,Transfer
192,32,2023-07-11,5655.047321639275,Transfer
193,34,2023-07-12,-13450.750635674682,Withdrawal
194,92,2023-07-13,2030.9549101466328,Withdrawal
195,95,2023-07-14,-2021.6928472331988,Withdrawal
196,72,2023-07-15,-633.5199748891266,Withdrawal
197,39,2023-07-16,7115.950527133292,Transfer
198,118,2023-07-17,4471.167052429917,Transfer
199,3,2023-07-18,442.3897117052717,Deposit
200,123,2023-07-19,4839.069597381985,Deposit
201,50,2023-07-20,4949.50040018937,Transfer
202,12,2023-07-21,-957.1275834336764,Deposit
203,54,2023-07-22,-6345.397803181042,Transfer
204,133,2023-07-23,-3495.8081350101957,Deposit
205,57,2023-07-24,-5702.643016912585,Withdrawal
206,145,2023-07-25,6822.1732299645355,Deposit
207,112,2023-07-26,7690.576082238405,Withdrawal
208,47,2023-07-27,8931.869400795082,Withdrawal
209,85,2023-07-28,-9097.777744885843,Withdrawal
210,142,2023-07-29,6357.004551868607,Withdrawal
211,66,2023-07-30,12060.956546923426,Deposit
212,75,2023-07-31,6559.9385690532245,Transfer
213,103,2023-08-01,-9756.148089353348,Withdrawal
214,38,2023-08-02,9841.49154198386,Deposit
215,50,2023-08-03,1208.445185659707,Withdrawal
216,98,2023-08-04,-161.99553250235795,Deposit
217,82,2023-08-05,3255.476482914891,Deposit
218,30,2023-08-06,-4245.034612852432,Deposit
219,79,2023-08-07,1013.9118546078947,Transfer
220,91,2023-08-08,9102.148225520368,Deposit
221,52,2023-08-09,4111.98435261644,Deposit
222,79,2023-08-10,1292.0073605133402,Transfer
223,30,2023-08-11,1448.0407996380436,Transfer
224,106,2023-08-12,-4906.969916494007,Deposit
225,51,2023-08-13,250.0605430013727,Transfer
226,81,2023-08-14,-7171.476678148837,Withdrawal
227,133,2023-08-15,6112.204761969053,Withdrawal
228,29,2023-08-16,-9928.552412376714,Transfer
229,132,2023-08-17,5274.50189810355,Transfer
230,138,2023-08-18,5897.054504170308,Deposit
231,145,2023-08-19,7593.823078635971,Transfer
232,74,2023-08-20,1434.2958158090141,Deposit
233,17,2023-08-21,5583.142330787646,Withdrawal
234,84,2023-08-22,201.26679817391926,Transfer
235,69,2023-08-23,-4933.4855884396675,Deposit
236,34,2023-08-24,173073.2392537995,Deposit
237,6,2023-08-25,515.5708519246266,Withdrawal
238,53,2023-08-26,-6047.556587365972,Transfer
239,126,2023-08-27,-1334.0747289489104,Withdrawal
240,43,2023-08-28,-1136.6234128408564,Deposit
241,115,2023-08-29,3308.4845906210603,Deposit
242,111,2023-08-30,12735.237416863656,Transfer
243,80,2023-08-31,3612.0930664128246,Deposit
244,95,2023-09-01,2034.2192599826265,Transfer
245,118,2023-09-02,13278.880997812776,Withdrawal
246,144,2023-09-03,5894.467699563627,Transfer
247,8,2023-09-04,2271.2460206746428,Transfer
248,132,2023-09-05,-1397.0592940904749,Deposit
249,104,2023-09-06,2581.0003810228045,Deposit
250,132,2023-09-07,668.0479795343173,Transfer
251,25,2023-09-08,1457.1706377949818,Deposit
252,96,2023-09-09,7572.012123847364,Deposit
253,93,2023-09-10,-1701.6109156874409,Deposit
254,61,2023-09-11,3567.7035408175684,Transfer
255,122,2023-09-12,5744.69994918797,Deposit
256,51,2023-09-13,-2310.5625841220476,Transfer
257,147,2023-09-14,-3113.1070774455047,Deposit
258,21,2023-09-15,248.29038709548217,Withdrawal
259,5,2023-09-16,-1308.1479512823043,Deposit
260,92,2023-09-17,6761.66304370752,Deposit
261,61,2023-09-18,-4008.841392823273,Transfer
262,22,2023-09-19,1342.3568426433503,Transfer
263,149,2023-09-20,13730.241667022376,Deposit
264,70,2023-09-21,3065.2826689309127,Withdrawal
265,1,2023-09-22,3896.450721524426,Deposit
266,133,2023-09-23,6803.412478485626,Deposit
267,12,2023-09-24,-1314.7453271267968,Withdrawal
268,90,2023-09-25,-4407.098143727019,Transfer
269,46,2023-09-26,1882.556380813724,Deposit
270,34,2023-09-27,46540.382834853735,Transfer
271,78,2023-09-28,-7091.053973565806,Transfer
272,45,2023-09-29,2875.359573413889,Withdrawal
273,73,2023-09-30,6349.252493505195,Withdrawal
274,26,2023-10-01,-71294.80730240094,Transfer
275,47,2023-10-02,3177.7792418740664,Deposit
276,121,2023-10-03,5461.31830185067,Transfer
277,56,2023-10-04,3933.391042650402,Deposit
278,94,2023-10-05,4405.031193707786,Deposit
279,107,2023-10-06,-224.00120903150582,Withdrawal
280,63,2023-10-07,-4637.52168870298,Deposit
281,48,2023-10-08,-1235.7323119195653,Deposit
282,61,2023-10-09,-1930.2855093531239,Transfer
283,81,2023-10-10,598.7047689622709,Withdrawal
284,26,2023-10-11,129327.09054599299,Deposit
285,36,2023-10-12,-5559.200640820844,Deposit
286,1,2023-10-13,1721.250114086954,Withdrawal
287,8,2023-10-14,-4317.008227589264,Transfer
288,113,2023-10-15,-2700.2345891138566,Withdrawal
289,99,2023-10-16,3793.703763059208,Withdrawal
290,47,2023-10-17,-4949.725266828496,Deposit
291,127,2023-10-18,4671.2214485148925,Deposit
292,56,2023-10-19,-5760.822233123625,Transfer
293,14,2023-10-20,4334.9020171908,Deposit
294,28,2023-10-21,-6747.65634789256,Deposit
295,78,2023-10-22,-2089.0633962830775,Withdrawal
296,130,2023-10-23,10482.471915647808,Deposit
297,109,2023-10-24,9542.731848834432,Transfer
298,14,2023-10-25,-1062.6232625857265,Withdrawal
299,56,2023-10-26,2949.802930149507,Transfer
300,115,2023-10-27,7020.34009442442,Withdrawal
301,7,2023-10-28,4406.4808721023555,Deposit
302,3,2023-10-29,-367.32123227412035,Withdrawal
303,111,2023-10-30,-2743.1765701816653,Withdrawal
304,107,2023-10-31,5340.515714789648,Deposit
305,18,2023-11-01,6653.5165430725065,Deposit
306,38,2023-11-02,9578.50917197194,Transfer
307,115,2023-11-03,-7436.247117265355,Transfer
308,15,2023-11-04,-5265.623941005261,Deposit
309,119,2023-11-05,6809.618010735403,Deposit
310,28,2023-11-06,-6757.652733750884,Deposit
311,39,2023-11-07,7192.749774559664,Withdrawal
312,17,2023-11-08,-74.66252992696059,Withdrawal
313,86,2023-11-09,-1604.5690966834236,Withdrawal
314,126,2023-11-10,2027.1429813573463,Deposit
315,44,2023-11-11,-5726.842261177494,Transfer
316,25,2023-11-12,5120.074152991759,Deposit
317,145,2023-11-13,9448.184988473484,Withdrawal
318,13,2023-11-14,5352.881079071208,Withdrawal
319,25,2023-11-15,-232.54346277070408,Deposit
320,68,2023-11-16,-6690.178538827205,Deposit
321,138,2023-11-17,-6497.937281014665,Withdrawal
322,67,2023-11-18,-5648.216511196539,Withdrawal
323,109,2023-11-19,938.6086144384133,Withdrawal
324,146,2023-11-20,1567.0003163630233,Deposit
325,111,2023-11-21,5342.217553704977,Withdrawal
326,111,2023-11-22,-7980.144932415378,Withdrawal
327,34,2023-11-23,151121.02303923998,Transfer
328,111,2023-11-24,4472.0315947268555,Deposit
329,8,2023-11-25,-634.1814653106742,Transfer
330,113,2023-11-26,-4948.807708660501,Transfer
331,83,2023-11-27,7245.703208455594,Withdrawal
332,42,2023-11-28,-500.4698061869201,Deposit
333,101,2023-11-29,899.905503277856,Withdrawal
334,6,2023-11-30,2918.0598539396606,Deposit
335,26,2023-12-01,-71319.89057816112,Transfer
336,64,2023-12-02,-410.90289512624486,Deposit
337,59,2023-12-03,5326.5845101019,Withdrawal
338,109,2023-12-04,4820.480392481375,Withdrawal
339,121,2023-12-05,4865.536033476187,Withdrawal
340,33,2023-12-06,-4775.898755702159,Deposit
341,150,2023-12-07,-182.90175364570473,Transfer
342,21,2023-12-08,-981.9691752390245,Transfer
343,70,2023-12-09,3125.894211373509,Deposit
344,112,2023-12-10,2678.289948244488,Withdrawal
345,4,2023-12-11,1777.1366537146826,Transfer
346,94,2023-12-12,13328.669777099645,Withdrawal
347,75,2023-12-13,-454.0304007201885,Deposit
348,62,2023-12-14,-1039.1154303427213,Withdrawal
349,94,2023-12-15,-4783.74835168028,Transfer
350,95,2023-12-16,-6689.236629644352,Transfer
351,55,2023-12-17,-5101.586886078877,Withdrawal
352,137,2023-12-18,-2593.409627216399,Deposit
353,131,2023-12-19,7550.3654721892635,Withdrawal
354,31,2023-12-20,1195.819521809294,Deposit
355,40,2023-12-21,1966.6533347636669,Withdrawal
356,36,2023-12-22,518.6334589895168,Transfer
357,6,2023-12-23,2826.504965108943,Deposit
358,66,2023-12-24,8010.3607360892165,Deposit
359,75,2023-12-25,-8969.65418134018,Deposit
360,4,2023-12-26,7091.686577926901,Transfer
361,79,2023-12-27,-11575.192262675035,Withdrawal
362,134,2023-12-28,1141.0135576096382,Transfer
363,118,2023-12-29,11959.536773722077,Deposit
364,113,2023-12-30,4403.289697657719,Withdrawal
365,94,2023-12-31,2865.294676603183,Transfer
366,62,2024-01-01,11009.729834014866,Deposit
367,79,2024-01-02,-2515.314490005719,Deposit
368,136,2024-01-03,3169.8371123252373,Transfer
369,26,2024-01-04,77811.70974738931,Transfer
370,44,2024-01-05,-1612.0106711351286,Transfer
371,133,2024-01-06,-1170.5508974799027,Deposit
372,70,2024-01-07,-1718.8971661166984,Transfer
373,118,2024-01-08,1436.5748700428194,Deposit
374,68,2024-01-09,3733.4580288565653,Transfer
375,19,2024-01-10,32323.02729146622,Deposit
376,20,2024-01-11,90946.18174298553,Deposit
377,113,2024-01-12,-8845.736429867737,Withdrawal
378,140,2024-01-13,-91.2558187141833,Transfer
379,47,2024-01-14,-4117.09655175323,Transfer
380,1,2024-01-15,2508.612563414492,Deposit
381,90,2024-01-16,2434.587143361616,Deposit
382,142,2024-01-17,421.8894252127235,Deposit
383,64,2024-01-18,3551.3950526603558,Withdrawal
384,38,2024-01-19,5989.063591320138,Withdrawal
385,37,2024-01-20,697.3973884684573,Deposit
386,126,2024-01-21,-4258.4744404985095,Transfer
387,139,2024-01-22,-138125.7570919481,Transfer
388,100,2024-01-23,1180.550876650641,Withdrawal
389,77,2024-01-24,2209.333507567704,Withdrawal
390,3,2024-01-25,-3847.6194475998955,Deposit
391,134,2024-01-26,4628.834115815163,Transfer
392,10,2024-01-27,-1294.784429122867,Deposit
393,5,2024-01-28,-7282.164325855752,Withdrawal
394,138,2024-01-29,7282.181711725946,Transfer
395,130,2024-01-30,6719.939596010816,Transfer
396,13,2024-01-31,-9077.99718331549,Withdrawal
397,130,2024-02-01,-1813.001408268462,Deposit
398,84,2024-02-02,-2007.9184070713818,Deposit
399,65,2024-02-03,9197.443297087513,Transfer
400,63,2024-02-04,503.5364497917184,Withdrawal
401,101,2024-02-05,-6479.390990277088,Transfer
402,73,2024-02-06,5410.523911204392,Withdrawal
403,17,2024-02-07,-5153.8777288304045,Deposit
404,9,2024-02-08,-301.7024536088063,Withdrawal
405,143,2024-02-09,-2848.844389404384,Deposit
406,38,2024-02-10,-1802.2754913997,Withdrawal
407,94,2024-02-11,5686.290447819695,Transfer
408,95,2024-02-12,8606.65080666083,Deposit
409,49,2024-02-13,-5371.843731896893,Transfer
410,69,2024-02-14,4130.382127539086,Transfer
411,62,2024-02-15,-2663.7681484499794,Deposit
412,78,2024-02-16,-2508.359550120378,Deposit
413,117,2024-02-17,3453.181107113573,Transfer
414,120,2024-02-18,-4139.513828568475,Transfer
415,137,2024-02-19,3353.0130038752236,Transfer
416,76,2024-02-20,4650.566782548675,Transfer
417,35,2024-02-21,-1162.6613084950923,Deposit
418,1,2024-02-22,7635.390510068333,Deposit
419,40,2024-02-23,-5364.123060307535,Transfer
420,64,2024-02-24,7727.030953058361,Withdrawal
421,150,2024-02-25,-8719.937147425664,Withdrawal
422,60,2024-02-26,14498.570702097548,Deposit
423,64,2024-02-27,-1031.0111931091628,Transfer
424,93,2024-02-28,-4811.535781938089,Transfer
425,72,2024-02-29,-163.3595425999929,Deposit
426,11,2024-03-01,-4232.389713122142,Withdrawal
427,105,2024-03-02,2934.826494272711,Withdrawal
428,14,2024-03-03,7838.286657350736,Withdrawal
429,60,2024-03-04,-3967.281130283387,Deposit
430,30,2024-03-05,3896.996195870017,Withdrawal
431,35,2024-03-06,-6663.676844478798,Deposit
432,5,2024-03-07,6164.773666143062,Deposit
433,83,2024-03-08,3081.1818346379773,Transfer
434,123,2024-03-09,6380.916606651601,Withdrawal
435,78,2024-03-10,388.2654867944731,Deposit
436,62,2024-03-11,-1175.782989273759,Withdrawal
437,132,2024-03-12,5080.587180286664,Withdrawal
438,89,2024-03-13,-5540.242607792093,Transfer
439,42,2024-03-14,-7714.1216586678765,Withdrawal
440,89,2024-03-15,975.1900797998096,Transfer
441,146,2024-03-16,-947.9830342939622,Deposit
442,40,2024-03-17,3769.1666589077304,Withdrawal
443,72,2024-03-18,6457.7571215699845,Deposit
444,39,2024-03-19,3665.070395755695,Withdrawal
445,104,2024-03-20,6059.516559133726,Deposit
446,14,2024-03-21,2605.2616666608196,Withdrawal
447,32,2024-03-22,3472.9787416054924,Withdrawal
448,125,2024-03-23,416.7139508386456,Withdrawal
449,97,2024-03-24,3325.2273050759104,Withdrawal
450,23,2024-03-25,1833.2641428175668,Withdrawal
451,63,2024-03-26,2625.8839826453186,Withdrawal
452,143,2024-03-27,166.3798345658056,Withdrawal
453,145,2024-03-28,5044.6460023564905,Withdrawal
454,53,2024-03-29,-2552.2627491747576,Withdrawal
455,104,2024-03-30,908.2548954794673,Deposit
456,104,2024-03-31,7558.919501037879,Transfer
457,39,2024-04-01,-3743.609114605626,Withdrawal
458,134,2024-04-02,-9809.227308763155,Transfer
459,67,2024-04-03,2832.2858314898604,Withdrawal
460,135,2024-04-04,-284.7724517674967,Withdrawal
461,42,2024-04-05,6054.311201859196,Deposit
462,15,2024-04-06,347.4246005150312,Deposit
463,111,2024-04-07,-2021.695357816559,Transfer
464,33,2024-04-08,620.9130209089333,Deposit
465,38,2024-04-09,6465.342933066054,Deposit
466,97,2024-04-10,3876.8481359618763,Transfer
467,33,2024-04-11,-11169.511282740174,Deposit
468,86,2024-04-12,1928.8374604338564,Withdrawal
469,66,2024-04-13,2178.810662007025,Transfer
470,10,2024-04-14,908.7501739974033,Transfer
471,5,2024-04-15,-2054.449457842946,Withdrawal
472,123,2024-04-16,6972.659372532222,Deposit
473,74,2024-04-17,7220.169740674309,Transfer
474,97,2024-04-18,-10015.802304129309,Transfer
475,118,2024-04-19,-2989.797388707221,Withdrawal
476,38,2024-04-20,276.34674357139977,Withdrawal
477,141,2024-04-21,5742.54101858335,Deposit
478,47,2024-04-22,1174.2643819588313,Transfer
479,109,2024-04-23,-2417.9690008246166,Deposit
480,15,2024-04-24,4547.667886536874,Deposit
481,136,2024-04-25,-56.680427754962466,Withdrawal
482,5,2024-04-26,412.99570422520117,Transfer
483,47,2024-04-27,864.2078329796191,Transfer
484,68,2024-04-28,3871.5422041924203,Transfer
485,76,2024-04-29,-542.7480083689366,Withdrawal
486,130,2024-04-30,4434.732463236111,Withdrawal
487,95,2024-05-01,634.6551579646364,Withdrawal
488,115,2024-05-02,-4335.08293208938,Withdrawal
489,36,2024-05-03,816.1184715227594,Withdrawal
490,26,2024-05-04,-81521.3403145215,Transfer
491,43,2024-05-05,1204.9339488797095,Deposit
492,27,2024-05-06,5147.369646157332,Transfer
493,69,2024-05-07,-4368.1450300105735,Deposit
494,148,2024-05-08,2821.3670290221935,Withdrawal
495,11,2024-05-09,-3145.1872917660394,Deposit
496,74,2024-05-10,2008.5027995827352,Transfer
497,104,2024-05-11,5301.021210102421,Transfer
498,38,2024-05-12,-9647.565370550206,Deposit
499,134,2024-05-13,-4572.379134356727,Withdrawal
500,23,2024-05-14,-844.8972255496105,Withdrawal
501,47,2024-05-15,2575.2024459080762,Transfer
502,90,2024-05-16,168.0833532083809,Deposit
503,46,2024-05-17,770.5960900954053,Withdrawal
504,107,2024-05-18,11214.922626756283,Withdrawal
505,140,2024-05-19,-5062.286394246138,Transfer
506,141,2024-05-20,6677.425081813852,Withdrawal
507,104,2024-05-21,-749.8906357720839,Deposit
508,111,2024-05-22,3747.373962493671,Transfer
509,104,2024-05-23,11644.732778728,Transfer
510,60,2024-05-24,4443.39011842713,Deposit
511,100,2024-05-25,2862.4785489499995,Transfer
512,68,2024-05-26,8995.611675746877,Withdrawal
513,133,2024-05-27,6623.993222965958,Withdrawal
514,120,2024-05-28,-2996.9703808071777,Deposit
515,37,2024-05-29,2472.6237122692783,Withdrawal
516,72,2024-05-30,-7587.478670703798,Deposit
517,127,2024-05-31,-1700.7669418712553,Deposit
518,106,2024-06-01,2570.264837999297,Withdrawal
519,92,2024-06-02,-2010.526763906294,Deposit
520,31,2024-06-03,2366.8337298596234,Withdrawal
521,122,2024-06-04,933.0769217348052,Transfer
522,137,2024-06-05,3682.083661975214,Transfer
523,51,2024-06-06,-1120.9951101405545,Deposit
524,29,2024-06-07,-3700.7445721835666,Withdrawal
525,40,2024-06-08,8390.634130866305,Withdrawal
526,41,2024-06-09,-1478.4837134497225,Transfer
527,11,2024-06-10,4300.052965585591,Transfer
528,1,2024-06-11,8176.235132362681,Withdrawal
529,46,2024-06-12,1813.34999498766,Deposit
530,101,2024-06-13,-3281.532847215747,Transfer
531,149,2024-06-14,106.95012726327764,Deposit
532,90,2024-06-15,6087.704583033766,Deposit
533,110,2024-06-16,2031.2377286893147,Transfer
534,57,2024-06-17,-5025.708961021384,Deposit
535,1,2024-06-18,3983.2191676685616,Deposit
536,63,2024-06-19,4847.657345254993,Withdrawal
537,55,2024-06-20,-776.5594305896684,Deposit
538,115,2024-06-21,4051.2218780237295,Withdrawal
539,143,2024-06-22,2225.0929773023363,Transfer
540,149,2024-06-23,12.85230678980406,Transfer
541,53,2024-06-24,-5467.678717968318,Withdrawal
542,137,2024-06-25,6389.7694755287885,Transfer
543,57,2024-06-26,4796.054999599166,Deposit
544,117,2024-06-27,3919.431471876563,Deposit
545,35,2024-06-28,8722.630018390468,Deposit
546,63,2024-06-29,5725.9686350679685,Transfer
547,25,2024-06-30,4432.830030757813,Deposit
548,90,2024-07-01,-10066.136740134156,Transfer
549,75,2024-07-02,6984.474759012079,Deposit
550,38,2024-07-03,1415.4025714102536,Withdrawal
551,130,2024-07-04,2562.458401285693,Transfer
552,135,2024-07-05,2596.665948466929,Transfer
553,91,2024-07-06,4869.163718211397,Deposit
554,17,2024-07-07,6610.875144008426,Transfer
555,128,2024-07-08,4171.2057152961115,Transfer
556,108,2024-07-09,3376.4279465994578,Withdrawal
557,25,2024-07-10,2157.5636964778573,Withdrawal
558,88,2024-07-11,-15758.05258452339,Deposit
559,29,2024-07-12,-437.9550972509412,Withdrawal
560,63,2024-07-13,-3707.9475867532274,Deposit
561,150,2024-07-14,7053.6976946954255,Deposit
562,114,2024-07-15,4095.185991431468,Deposit
563,49,2024-07-16,-1290.684936068671,Transfer
564,81,2024-07-17,-788.5859113462213,Withdrawal
565,84,2024-07-18,-969.9068165121064,Deposit
566,105,2024-07-19,-1059.1307715945986,Withdrawal
567,148,2024-07-20,-6222.787217623986,Deposit
568,118,2024-07-21,-7306.397466388838,Withdrawal
569,86,2024-07-22,1145.23386190872,Withdrawal
570,63,2024-07-23,6376.570696796773,Deposit
571,104,2024-07-24,-1688.4484871393138,Transfer
572,49,2024-07-25,2517.223754620226,Withdrawal
573,71,2024-07-26,4671.304585883626,Transfer
574,1,2024-07-27,-3966.8910279192833,Transfer
575,141,2024-07-28,900.1228564004846,Deposit
576,123,2024-07-29,-2332.602406367575,Deposit
577,62,2024-07-30,9030.59745915647,Deposit
578,32,2024-07-31,8812.297534310572,Withdrawal
579,29,2024-08-01,-3961.7141993742534,Deposit
580,49,2024-08-02,2929.421915421629,Deposit
581,30,2024-08-03,6337.996504062452,Withdrawal
582,144,2024-08-04,5241.64750188165,Withdrawal
583,19,2024-08-05,28156.303498436555,Deposit
584,18,2024-08-06,7532.787308821738,Deposit
585,1,2024-08-07,-3522.573444947164,Deposit
586,78,2024-08-08,-515.4647219734613,Deposit
587,115,2024-08-09,-3388.212098797875,Transfer
588,113,2024-08-10,4912.4674735031085,Transfer
589,114,2024-08-11,-1913.1843714972579,Deposit
590,63,2024-08-12,143.7541228145717,Transfer
591,132,2024-08-13,4088.351841328744,Withdrawal
592,129,2024-08-14,4491.2495688890795,Transfer
593,8,2024-08-15,-3535.631731276253,Transfer
594,55,2024-08-16,6283.276418863961,Deposit
595,103,2024-08-17,3278.4483433362566,Transfer
596,131,2024-08-18,-4408.514197902007,Transfer
597,32,2024-08-19,-5638.579478783065,Transfer
598,10,2024-08-20,920.9014486896613,Transfer
599,110,2024-08-21,5250.469946584044,Withdrawal
600,124,2024-08-22,5378.579312004901,Deposit
601,87,2024-08-23,2780.834386124213,Deposit
602,55,2024-08-24,1243.3741916341294,Withdrawal
603,32,2024-08-25,3558.688345395026,Transfer
604,135,2024-08-26,-3276.6525719462925,Withdrawal
605,93,2024-08-27,9434.939315126958,Transfer
606,8,2024-08-28,9369.692090612603,Withdrawal
607,65,2024-08-29,3144.0615731034886,Deposit
608,57,2024-08-30,1986.50209996426,Deposit
609,67,2024-08-31,-1057.1048632968514,Deposit
610,72,2024-09-01,3643.744228998304,Transfer
611,54,2024-09-02,-2456.586855083884,Transfer
612,67,2024-09-03,-10118.060154977653,Withdrawal
613,51,2024-09-04,-12570.536502455432,Withdrawal
614,97,2024-09-05,-2997.491665817433,Deposit
615,92,2024-09-06,1781.8906145913882,Transfer
616,8,2024-09-07,2659.8586697674136,Withdrawal
617,35,2024-09-08,-1433.7850425464248,Transfer
618,96,2024-09-09,1709.1758357145166,Transfer
619,88,2024-09-10,-371.14178527265517,Deposit
620,78,2024-09-11,-3996.563788250687,Deposit
621,32,2024-09-12,731.2774551543741,Transfer
622,120,2024-09-13,5064.7855618282465,Transfer
623,46,2024-09-14,-3770.308738731611,Transfer
624,144,2024-09-15,-3768.0230650984904,Transfer
625,142,2024-09-16,-4346.252969760791,Deposit
626,55,2024-09-17,-8682.593672540579,Withdrawal
627,7,2024-09-18,-1401.0118707350935,Deposit
628,74,2024-09-19,4570.430564762655,Withdrawal
629,7,2024-09-20,1869.5804191688135,Transfer
630,85,2024-09-21,153.74557971846696,Withdrawal
631,147,2024-09-22,1645.3239912008444,Deposit
632,112,2024-09-23,-1444.907437145791,Deposit
633,125,2024-09-24,-8739.433186317361,Transfer
634,147,2024-09-25,4918.593909072829,Deposit
635,36,2024-09-26,6355.622868923256,Transfer
636,29,2024-09-27,-2640.7838803389354,Deposit
637,82,2024-09-28,245.82189696722094,Deposit
638,2,2024-09-29,-184.9958553008007,Transfer
639,129,2024-09-30,2756.444047122708,Withdrawal
640,47,2024-10-01,9449.46728313145,Deposit
641,148,2024-10-02,6798.956226446528,Withdrawal
642,11,2024-10-03,-884.5711270694801,Deposit
643,130,2024-10-04,3712.319307501185,Deposit
644,119,2024-10-05,7271.784342863563,Deposit
645,140,2024-10-06,3041.72582197389,Deposit
646,20,2024-10-07,19530.059555982756,Withdrawal
647,5,2024-10-08,3230.000473335929,Withdrawal
648,37,2024-10-09,-2516.3576128173663,Deposit
649,137,2024-10-10,-1786.4056205204051,Deposit
650,53,2024-10-11,-4320.171176005487,Withdrawal
651,99,2024-10-12,2535.322582851216,Transfer
652,86,2024-10-13,342.9854698888091,Transfer
653,108,2024-10-14,-3115.590306740398,Withdrawal
654,24,2024-10-15,179.1029418974747,Deposit
655,81,2024-10-16,3349.9913038158497,Deposit
656,120,2024-10-17,10573.56152998996,Transfer
657,59,2024-10-18,6060.339323519291,Transfer
658,128,2024-10-19,-10420.739287411701,Withdrawal
659,114,2024-10-20,2196.5423341017286,Transfer
660,115,2024-10-21,8146.621313564273,Withdrawal
661,14,2024-10-22,-5689.367456051163,Transfer
662,9,2024-10-23,3757.796351062119,Transfer
663,40,2024-10-24,-183.21092765522963,Transfer
664,25,2024-10-25,6751.452654580804,Deposit
665,103,2024-10-26,3021.2859750672615,Deposit
666,22,2024-10-27,-3420.077272796032,Deposit
667,4,2024-10-28,-4.257391453097966,Transfer
668,29,2024-10-29,291.52161976188415,Withdrawal
669,109,2024-10-30,384.1089259497536,Withdrawal
670,98,2024-10-31,6596.314723876314,Withdrawal
671,37,2024-11-01,-3213.0996069511502,Withdrawal
672,75,2024-11-02,6015.256548305919,Deposit
673,70,2024-11-03,-511.24837960760055,Deposit
674,146,2024-11-04,2117.555531645825,Transfer
675,128,2024-11-05,1361.8879314051703,Transfer
676,85,2024-11-06,890.9733095908267,Withdrawal
677,42,2024-11-07,931.9858277733883,Deposit
678,100,2024-11-08,8286.792791355105,Withdrawal
679,41,2024-11-09,5212.249624530723,Transfer
680,34,2024-11-10,-16271.56895799299,Transfer
681,17,2024-11-11,8913.936270610457,Withdrawal
682,122,2024-11-12,2373.405369964264,Transfer
683,76,2024-11-13,2788.1212966194717,Withdrawal
684,87,2024-11-14,-3186.5953966569577,Deposit
685,117,2024-11-15,-1487.4932920257002,Withdrawal
686,106,2024-11-16,-2442.517539635878,Deposit
687,86,2024-11-17,1430.364324968375,Deposit
688,27,2024-11-18,4193.915397241046,Transfer
689,57,2024-11-19,2836.161497111067,Transfer
690,31,2024-11-20,8940.220780347909,Transfer
691,134,2024-11-21,-3438.7900260561755,Withdrawal
692,98,2024-11-22,1574.3452176944106,Withdrawal
693,12,2024-11-23,-5414.696646491473,Transfer
694,53,2024-11-24,-3609.3548580163106,Withdrawal
695,138,2024-11-25,7322.891886692318,Transfer
696,145,2024-11-26,-1315.8243323573283,Withdrawal
697,122,2024-11-27,-3016.8189803013547,Deposit
698,46,2024-11-28,-9649.884377914736,Deposit
699,64,2024-11-29,-3066.773238944588,Transfer
700,130,2024-11-30,-26.401370974894462,Withdrawal
701,54,2024-12-01,-5787.014798931054,Withdrawal
702,107,2024-12-02,-313.9169449123433,Deposit
703,51,2024-12-03,7353.155303291117,Deposit
704,36,2024-12-04,-2536.5267016416633,Transfer
705,115,2024-12-05,-3716.9152468496786,Deposit
706,26,2024-12-06,-92390.14668650931,Transfer
707,29,2024-12-07,-4708.820462579,Deposit
708,149,2024-12-08,3677.887234442145,Deposit
709,11,2024-12-09,1243.3436844152532,Withdrawal
710,40,2024-12-10,5784.2843963778705,Deposit
711,11,2024-12-11,11099.189458271276,Deposit
712,113,2024-12-12,-8151.95565954574,Transfer
713,39,2024-12-13,2900.393542208866,Deposit
714,54,2024-12-14,-4593.096672167799,Transfer
715,98,2024-12-15,4944.496490167254,Deposit
716,55,2024-12-16,-359.56000536718125,Deposit
717,111,2024-12-17,1136.613804320867,Transfer
718,150,2024-12-18,-5415.88713964904,Withdrawal
719,69,2024-12-19,-1132.1351255658374,Transfer
720,56,2024-12-20,1448.311255541298,Transfer
721,33,2024-12-21,7780.390734033541,Transfer
722,36,2024-12-22,-2972.8026370427715,Withdrawal
723,148,2024-12-23,-1753.457857651565,Deposit
724,81,2024-12-24,5721.448210911407,Transfer
725,109,2024-12-25,-3296.7014184965537,Transfer
726,73,2024-12-26,6711.925719870628,Withdrawal
727,40,2024-12-27,954.5671263687203,Transfer
728,17,2024-12-28,2515.6148079592163,Deposit
729,129,2024-12-29,2837.6115125468523,Withdrawal
730,61,2024-12-30,-2081.1027670330395,Deposit
731,104,2024-12-31,2949.4340973619755,Deposit
732,42,2025-01-01,-2861.8489215715013,Withdrawal
733,25,2025-01-02,-1510.5150204943993,Transfer
734,39,2025-01-03,3793.454830166377,Deposit
735,35,2025-01-04,2466.969778209515,Deposit
736,131,2025-01-05,625.1752458047613,Deposit
737,108,2025-01-06,-5293.6582463150535,Deposit
738,102,2025-01-07,-4045.7914467481505,Withdrawal
739,98,2025-01-08,2383.5452195249227,Withdrawal
740,12,2025-01-09,4660.70281742558,Deposit
741,19,2025-01-10,-90964.55045207571,Transfer
742,101,2025-01-11,-3199.126237260838,Deposit
743,44,2025-01-12,1670.9258708885973,Transfer
744,49,2025-01-13,1563.9393131454665,Deposit
745,17,2025-01-14,-7119.786043805206,Transfer
746,74,2025-01-15,1807.8150671999451,Deposit
747,57,2025-01-16,-1991.8390511510938,Transfer
748,55,2025-01-17,9205.233148644791,Deposit
749,47,2025-01-18,2245.992713678281,Deposit
750,12,2025-01-19,3107.3672493795143,Transfer
751,62,2025-01-20,3236.796510953054,Withdrawal
752,80,2025-01-21,-5069.636903262822,Transfer
753,83,2025-01-22,10719.384465543017,Withdrawal
754,8,2025-01-23,-7114.556237255867,Deposit
755,149,2025-01-24,4978.515708498711,Transfer
756,81,2025-01-25,4093.319687403246,Transfer
757,118,2025-01-26,-1385.0118995648,Transfer
758,25,2025-01-27,4332.251583566946,Withdrawal
759,89,2025-01-28,-587.8659941186895,Withdrawal
760,12,2025-01-29,-2377.3072242788908,Deposit
761,143,2025-01-30,3347.7958467646367,Withdrawal
762,59,2025-01-31,-4032.80495543951,Withdrawal
763,109,2025-02-01,-121.27579378784867,Deposit
764,26,2025-02-02,-39417.67487299575,Transfer
765,47,2025-02-03,-679.8975478647246,Transfer
766,32,2025-02-04,3163.6429956509214,Deposit
767,10,2025-02-05,-1971.8318617310306,Transfer
768,16,2025-02-06,38.38043463817712,Withdrawal
769,145,2025-02-07,-1515.7262595079073,Deposit
770,26,2025-02-08,164399.6665574546,Deposit
771,86,2025-02-09,2713.0619910694504,Deposit
772,135,2025-02-10,2100.3481648335965,Transfer
773,14,2025-02-11,4417.09252311712,Deposit
774,79,2025-02-12,-1970.672883874433,Deposit
775,117,2025-02-13,5296.286124999202,Deposit
776,7,2025-02-14,2730.8887291637075,Transfer
777,137,2025-02-15,-6804.454513770327,Withdrawal
778,115,2025-02-16,-6140.154165503824,Deposit
779,72,2025-02-17,-1861.4852639203286,Withdrawal
780,59,2025-02-18,-5605.0324793258505,Transfer
781,82,2025-02-19,-191.39230349791592,Transfer
782,116,2025-02-20,-4068.6899570793194,Transfer
783,146,2025-02-21,511.3847346454061,Transfer
784,103,2025-02-22,8058.5468796572795,Withdrawal
785,17,2025-02-23,753.1154822190748,Deposit
786,14,2025-02-24,-514.8222745096436,Transfer
787,108,2025-02-25,2941.213238926721,Transfer
788,45,2025-02-26,-2482.0989646130174,Withdrawal
789,98,2025-02-27,5217.071546979999,Withdrawal
790,131,2025-02-28,3476.0647656205597,Transfer
791,37,2025-03-01,1194.3278102428187,Deposit
792,108,2025-03-02,1771.5791581679318,Deposit
793,39,2025-03-03,11208.72955281426,Transfer
794,15,2025-03-04,5711.56105133934,Withdrawal
795,120,2025-03-05,11997.63315580667,Transfer
796,4,2025-03-06,3660.1509664622613,Transfer
797,93,2025-03-07,-6358.457213353441,Withdrawal
798,141,2025-03-08,-310.8685143192042,Transfer
799,16,2025-03-09,-7501.02437274033,Transfer
800,108,2025-03-10,3641.5151733345915,Transfer
801,126,2025-03-11,4727.020986727009,Withdrawal
802,55,2025-03-12,-3429.5799797963955,Deposit
803,34,2025-03-13,-45563.63796468532,Deposit
804,13,2025-03-14,1743.7544811760763,Withdrawal
805,141,2025-03-15,-4990.52031632109,Deposit
806,18,2025-03-16,-5365.798846212665,Transfer
807,96,2025-03-17,7193.160240205604,Deposit
808,123,2025-03-18,1573.5530908198416,Transfer
809,39,2025-03-19,-1790.5467885297799,Deposit
810,46,2025-03-20,-7460.594442786096,Withdrawal
811,29,2025-03-21,5261.756784472361,Deposit
812,62,2025-03-22,-2422.591061084846,Deposit
813,16,2025-03-23,10303.422229352693,Deposit
814,121,2025-03-24,5296.550488467224,Withdrawal
815,10,2025-03-25,-3040.7092720363453,Deposit
816,103,2025-03-26,-2577.358485657359,Withdrawal
817,84,2025-03-27,9609.255814721659,Transfer
818,133,2025-03-28,578.7027658274767,Deposit
819,65,2025-03-29,-1566.5561416168484,Withdrawal
820,3,2025-03-30,1138.6084423828502,Withdrawal
821,142,2025-03-31,-1589.563250268951,Deposit
822,120,2025-04-01,2205.242385540825,Transfer
823,68,2025-04-02,620.8818924086847,Withdrawal
824,146,2025-04-03,5377.5399025575425,Deposit
825,37,2025-04-04,-942.8705161956325,Transfer
826,73,2025-04-05,-3424.0818334482346,Withdrawal
827,143,2025-04-06,-744.9234831179281,Withdrawal
828,49,2025-04-07,-775.4194911202303,Transfer
829,121,2025-04-08,612.3309240300327,Transfer
830,88,2025-04-09,4172.701440286124,Deposit
831,140,2025-04-10,3899.5448373596023,Deposit
832,37,2025-04-11,6998.293379292841,Withdrawal
833,61,2025-04-12,-3057.4483886676217,Transfer
834,124,2025-04-13,2943.6006152555437,Transfer
835,39,2025-04-14,4636.599235103573,Transfer
836,63,2025-04-15,-2371.102031559319,Withdrawal
837,46,2025-04-16,-38.155264911895074,Transfer
838,88,2025-04-17,-7749.889371093985,Transfer
839,11,2025-04-18,5534.288475628675,Withdrawal
840,62,2025-04-19,-77.4910115993464,Deposit
841,77,2025-04-20,5032.820883404997,Deposit
842,52,2025-04-21,2030.2475893975657,Withdrawal
843,4,2025-04-22,74.17385512563249,Transfer
844,59,2025-04-23,-6964.013996762429,Withdrawal
845,72,2025-04-24,-6074.7630535822,Deposit
846,148,2025-04-25,-11965.730921708711,Deposit
847,93,2025-04-26,-1813.067414143281,Withdrawal
848,63,2025-04-27,12391.24351590624,Withdrawal
849,54,2025-04-28,-5439.736947589998,Deposit
850,117,2025-04-29,-12157.15941709953,Withdrawal
851,110,2025-04-30,5813.3445979276585,Deposit
852,74,2025-05-01,12818.589346483506,Withdrawal
853,107,2025-05-02,2489.6053262990135,Withdrawal
854,57,2025-05-03,2443.6619735998,Withdrawal
855,3,2025-05-04,-549.4103682187565,Deposit
856,120,2025-05-05,-7971.286152550299,Withdrawal
857,6,2025-05-06,-6253.559588717382,Deposit
858,5,2025-05-07,-583.766646992591,Deposit
859,5,2025-05-08,-1542.2767001487177,Withdrawal
860,54,2025-05-09,424.13536115028955,Withdrawal
861,47,2025-05-10,5146.6241196407955,Deposit
862,9,2025-05-11,-1909.1891595851043,Deposit
863,99,2025-05-12,5248.583782023056,Transfer
864,20,2025-05-13,-37528.970990277,Deposit
865,122,2025-05-14,6191.197964328784,Transfer
866,61,2025-05-15,1431.8378353671171,Transfer
867,123,2025-05-16,-1179.1517046075605,Transfer
868,82,2025-05-17,1346.4703027444484,Withdrawal
869,62,2025-05-18,-467.69421078783375,Withdrawal
870,145,2025-05-19,1565.6711883998582,Deposit
871,3,2025-05-20,4790.530992587359,Transfer
872,13,2025-05-21,563.9220079217502,Withdrawal
873,120,2025-05-22,-847.8442642689056,Withdrawal
874,125,2025-05-23,-4617.581024554146,Withdrawal
875,89,2025-05-24,3895.8900964585728,Withdrawal
876,73,2025-05-25,2741.3611320136247,Withdrawal
877,68,2025-05-26,-4909.714254637604,Transfer
878,142,2025-05-27,5177.471389603805,Transfer
879,101,2025-05-28,-4990.920163011679,Transfer
880,98,2025-05-29,6146.108956169467,Transfer
881,11,2025-05-30,4439.316635935089,Deposit
882,105,2025-05-31,3098.3276129903475,Transfer
883,67,2025-06-01,-884.9757958351809,Withdrawal
884,123,2025-06-02,3878.898913332264,Transfer
885,29,2025-06-03,6381.859976205902,Deposit
886,137,2025-06-04,3961.7596055408667,Withdrawal
887,76,2025-06-05,-2351.250108631188,Transfer
888,9,2025-06-06,2337.0349117773203,Transfer
889,40,2025-06-07,6660.1749314751805,Transfer
890,25,2025-06-08,11995.490902783517,Withdrawal
891,5,2025-06-09,-26.064872495981263,Withdrawal
892,139,2025-06-10,105788.31061314304,Deposit
893,124,2025-06-11,6672.402600421593,Withdrawal
894,38,2025-06-12,-3062.024994948819,Withdrawal
895,72,2025-06-13,9910.391590307407,Transfer
896,133,2025-06-14,-4325.923420417229,Withdrawal
897,90,2025-06-15,5044.92757516488,Transfer
898,146,2025-06-16,2526.59889773533,Transfer
899,37,2025-06-17,1277.8777999907998,Withdrawal
900,60,2025-06-18,13734.16640724322,Deposit
901,28,2025-06-19,-506.27617663400565,Deposit
902,81,2025-06-20,-586.7279636430421,Withdrawal
903,114,2025-06-21,7657.394036988976,Deposit
904,40,2025-06-22,4809.018890433916,Transfer
905,45,2025-06-23,7410.4946047927715,Transfer
906,62,2025-06-24,1584.346911705567,Withdrawal
907,93,2025-06-25,2584.7130850608146,Deposit
908,115,2025-06-26,10504.678064972872,Deposit
909,67,2025-06-27,-3179.7703979034814,Transfer
910,56,2025-06-28,485.6147795416981,Withdrawal
911,40,2025-06-29,4991.270357127224,Deposit
912,98,2025-06-30,20.695899560811085,Withdrawal
913,40,2025-07-01,-1850.7293964151777,Deposit
914,91,2025-07-02,4092.4225639326105,Transfer
915,33,2025-07-03,7679.028332457472,Transfer
916,6,2025-07-04,295.82818597071457,Withdrawal
917,147,2025-07-05,157.05189594625494,Transfer
918,80,2025-07-06,-2238.4401284171545,Deposit
919,92,2025-07-07,-479.8842170286712,Transfer
920,97,2025-07-08,6418.030399150928,Withdrawal
921,59,2025-07-09,1405.3143534682845,Withdrawal
922,59,2025-07-10,-3024.9533046514407,Withdrawal
923,48,2025-07-11,2311.811901618313,Deposit
924,13,2025-07-12,6255.970054930203,Deposit
925,107,2025-07-13,-1809.4283177371435,Deposit
926,45,2025-07-14,-5643.026097977817,Deposit
927,89,2025-07-15,11954.12579936376,Deposit
928,100,2025-07-16,-5892.646750216236,Transfer
929,7,2025-07-17,-795.1128192789283,Deposit
930,133,2025-07-18,2160.6425592933483,Deposit
931,45,2025-07-19,-362.1385062214563,Transfer
932,58,2025-07-20,625.4457767249064,Deposit
933,31,2025-07-21,3884.1908393729677,Withdrawal
934,23,2025-07-22,-10958.608288563968,Deposit
935,138,2025-07-23,-5334.472357619256,Deposit
936,107,2025-07-24,1221.2969303516459,Withdrawal
937,39,2025-07-25,-1021.0850598680499,Withdrawal
938,82,2025-07-26,1647.0562913779881,Withdrawal
939,100,2025-07-27,2138.2664131565207,Withdrawal
940,2,2025-07-28,-9579.599977354961,Deposit
941,77,2025-07-29,7368.201660758232,Withdrawal
942,12,2025-07-30,-1491.3394155017486,Withdrawal
943,39,2025-07-31,-3327.5659238800326,Transfer
944,13,2025-08-01,2041.776479796396,Withdrawal
945,46,2025-08-02,1535.801138911216,Withdrawal
946,113,2025-08-03,6983.454088273189,Transfer
947,17,2025-08-04,2359.365813850085,Transfer
948,104,2025-08-05,6790.554240121502,Deposit
949,98,2025-08-06,-3690.886877138528,Transfer
950,88,2025-08-07,1709.3052760374958,Deposit
951,109,2025-08-08,-4573.738536624446,Transfer
952,70,2025-08-09,1488.3792778013974,Transfer
953,74,2025-08-10,428.5602219905725,Deposit
954,63,2025-08-11,213.51287399548482,Transfer
955,60,2025-08-12,257.36223819183624,Deposit
956,79,2025-08-13,4681.9473509229865,Transfer
957,37,2025-08-14,-7036.798285012898,Withdrawal
958,22,2025-08-15,-3498.9393139208623,Transfer
959,148,2025-08-16,797.1408662741227,Deposit
960,96,2025-08-17,-4893.315447356249,Transfer
961,68,2025-08-18,1230.5705310052203,Deposit
962,17,2025-08-19,745.7373937946261,Deposit
963,12,2025-08-20,-6018.783225262916,Withdrawal
964,150,2025-08-21,-6265.825731271388,Withdrawal
965,145,2025-08-22,-12118.941177746328,Deposit
966,138,2025-08-23,-5103.350248409564,Transfer
967,118,2025-08-24,1071.6162910529993,Deposit
968,22,2025-08-25,1780.9391147043873,Deposit
969,120,2025-08-26,2009.497798142254,Transfer
970,50,2025-08-27,-2889.594063336904,Transfer
971,14,2025-08-28,908.4825798925526,Transfer
972,29,2025-08-29,2986.223046207264,Transfer
973,125,2025-08-30,-5340.177747505765,Deposit
974,7,2025-08-31,1616.6453719526994,Deposit
975,29,2025-09-01,4282.406059175458,Withdrawal
976,139,2025-09-02,-29077.21298228808,Deposit
977,33,2025-09-03,6311.1716517480145,Transfer
978,134,2025-09-04,-1337.17171912485,Withdrawal
979,111,2025-09-05,-3300.3042756153754,Transfer
980,79,2025-09-06,3784.2058927646017,Deposit
981,58,2025-09-07,11166.468847332284,Withdrawal
982,26,2025-09-08,28535.361888780906,Transfer
983,29,2025-09-09,4174.5390205686,Withdrawal
984,4,2025-09-10,-1543.5861054892202,Withdrawal
985,99,2025-09-11,-5208.081098980138,Deposit
986,141,2025-09-12,1831.328229503667,Transfer
987,39,2025-09-13,2621.9998589395555,Withdrawal
988,15,2025-09-14,-789.5554519058112,Withdrawal
989,119,2025-09-15,4155.282590107529,Transfer
990,29,2025-09-16,-2270.4000490716003,Withdrawal
991,75,2025-09-17,-3510.4313292587103,Withdrawal
992,116,2025-09-18,6303.2146524308255,Withdrawal
993,32,2025-09-19,6326.738132708153,Transfer
994,130,2025-09-20,-2171.715529178393,Transfer
995,84,2025-09-21,9594.25245202411,Transfer
996,22,2025-09-22,-435.5334626512465,Transfer
997,27,2025-09-23,1423.914323219794,Deposit
998,81,2025-09-24,576.7372907578606,Withdrawal
999,126,2025-09-25,3618.8010872283985,Transfer
1000,92,2025-09-26,2357.1074690047126,Withdrawal
