,popularity,acousticness,danceability,duration_ms,energy,instrumentalness,liveness,loudness,speechiness,tempo,valence,genre
0,64.0,6.940e-01,0.610,2.174e+05,0.590,2.320e-06,0.150,-7.325,0.036,137.838,0.352,
1,31.0,7.390e-01,0.565,2.605e+05,0.393,8.450e-04,0.143,-9.309,0.024,75.537,0.229,Anime
2,57.0,8.790e-03,0.433,2.629e+05,0.815,0.000e+00,0.138,-3.658,,125.358,0.461,Rock
3,63.0,1.050e-02,0.359,5.639e+05,0.762,2.810e-01,0.368,-8.323,0.032,89.259,0.167,Rock
4,,3.010e-01,0.511,,0.699,,0.088,,0.037,120.406,0.496,Anime
5,65.0,,0.491,-1.000e+00,,2.780e-06,0.626,-6.564,0.028,112.704,0.407,Rock
6,44.0,7.100e-01,0.627,,0.496,,0.343,-11.866,0.040,95.000,0.080,Electronic
7,48.0,,0.540,3.500e+05,,4.680e-02,0.599,,0.035,86.054,0.243,Jazz
8,67.0,5.310e-04,0.502,,0.685,,0.092,-5.847,0.028,81.978,0.574,Rock
9,52.0,,0.835,1.707e+05,,0.000e+00,0.304,-4.052,0.247,122.019,0.833,Rap
10,58.0,8.440e-02,0.593,-1.000e+00,0.837,0.000e+00,0.148,-4.834,0.030,99.947,0.569,Rock
11,38.0,1.100e-01,0.418,3.182e+05,0.652,5.350e-01,0.354,-11.112,0.075,80.451,0.607,Jazz
12,57.0,7.860e-01,0.127,2.887e+05,0.335,4.270e-01,0.111,-8.298,0.033,77.078,0.069,Alternative
13,53.0,1.570e-02,0.663,2.126e+05,0.777,8.290e-03,0.075,-5.496,0.037,143.003,0.940,Rock
14,28.0,8.200e-02,,2.107e+05,0.948,1.170e-02,0.968,-4.517,0.101,161.473,,Blues
15,50.0,5.060e-02,0.663,1.257e+05,0.738,0.000e+00,0.089,-6.958,0.400,184.078,0.544,Rap
16,56.0,,0.705,2.738e+05,,0.000e+00,0.176,-6.397,0.396,71.666,0.350,Rap
17,74.0,3.110e-01,0.644,,0.501,,,-8.959,0.492,,0.173,Rap
18,54.0,5.350e-03,0.413,2.314e+05,0.885,1.970e-06,0.166,-7.695,0.078,113.807,0.211,Alternative
19,52.0,2.490e-02,0.494,,0.836,,,-4.327,,,0.627,Rock
20,53.0,5.410e-02,0.651,2.696e+05,0.875,9.840e-03,0.025,-4.349,0.041,92.022,0.830,Rock
21,76.0,3.860e-01,0.490,1.457e+05,0.715,0.000e+00,0.311,-5.549,0.048,130.726,0.866,Rock
22,53.0,1.330e-02,0.229,2.157e+05,0.871,2.180e-06,0.266,-4.558,0.103,86.965,0.395,Rock
23,53.0,2.220e-01,0.474,3.529e+05,0.382,1.950e-02,0.149,-13.291,0.025,80.800,0.690,Rock
24,29.0,9.160e-01,0.230,6.646e+05,0.041,2.220e-01,0.086,-23.741,0.046,120.406,0.105,Classical
25,39.0,3.510e-03,0.534,2.870e+05,0.653,2.050e-02,0.254,-7.358,0.031,155.693,0.434,Blues
26,37.0,1.060e-02,0.204,1.374e+05,0.104,8.280e-01,0.136,-21.608,0.046,68.323,0.032,Classical
27,40.0,7.020e-01,0.674,2.467e+05,0.528,1.630e-05,0.080,-6.939,0.045,88.105,0.955,Jazz
28,62.0,2.340e-02,0.628,2.107e+05,0.797,3.570e-06,0.112,-6.103,0.037,120.406,0.497,Rock
29,77.0,3.230e-01,0.606,1.825e+05,0.652,0.000e+00,0.201,-6.982,0.028,97.155,0.476,Rock
30,35.0,6.120e-04,0.292,3.016e+05,0.970,4.030e-01,0.308,-3.615,0.132,109.800,0.351,Jazz
31,68.0,1.540e-01,0.710,1.807e+05,0.470,0.000e+00,0.643,-9.330,0.142,80.027,0.581,Hip-Hop
32,64.0,7.950e-01,,1.887e+05,0.354,1.070e-04,0.088,-11.112,0.031,73.007,,Blues
33,62.0,,0.560,2.210e+05,,1.340e-01,0.299,-4.481,0.032,132.009,0.807,Rock
34,41.0,1.180e-02,0.854,,0.493,,,-9.996,0.104,,0.582,Jazz
35,53.0,7.460e-01,0.561,2.255e+05,0.891,0.000e+00,0.109,-4.771,0.305,91.316,0.690,Hip-Hop
36,55.0,5.600e-03,0.577,2.007e+05,0.934,0.000e+00,0.048,-3.999,0.128,137.003,0.540,Rock
37,69.0,1.300e-02,0.649,2.085e+05,0.888,2.230e-06,0.089,-4.807,0.029,100.975,0.553,Alternative
38,62.0,3.260e-01,0.515,2.867e+05,0.505,0.000e+00,0.102,-5.606,0.029,150.063,0.538,Hip-Hop
39,40.0,,0.797,2.841e+05,,1.900e-04,0.065,-12.692,0.038,114.746,0.881,Jazz
40,56.0,1.340e-03,0.684,2.159e+05,0.992,0.000e+00,0.878,-1.893,0.075,133.963,0.757,Rock
41,33.0,1.370e-01,0.472,2.202e+05,0.815,5.060e-05,0.261,-9.725,0.048,131.547,0.593,Blues
42,64.0,3.030e-01,0.399,4.452e+05,0.467,1.860e-02,0.124,-11.763,0.028,120.406,0.525,Rock
43,51.0,6.910e-02,0.557,-1.000e+00,0.610,1.170e-02,0.341,-9.899,0.111,155.966,0.128,Rock
44,68.0,,0.195,2.691e+05,,4.970e-01,0.069,-4.991,0.030,84.710,0.173,Rock
45,35.0,,0.669,1.901e+05,,4.860e-05,0.142,-6.898,0.153,127.994,0.439,Electronic
46,51.0,3.370e-01,0.563,2.116e+05,0.497,2.730e-03,0.162,-7.595,0.035,169.977,0.561,Rock
47,68.0,6.570e-05,0.532,-1.000e+00,0.889,7.060e-03,0.094,-5.474,0.054,93.994,0.508,Rock
48,51.0,2.870e-03,,,0.687,,0.274,-7.792,0.023,100.060,,Rock
49,48.0,1.740e-01,0.843,3.052e+05,0.668,6.660e-05,0.096,-7.236,0.037,125.028,0.378,Country
50,43.0,1.290e-02,0.616,2.071e+05,0.605,0.000e+00,0.112,-4.641,0.093,77.493,0.435,Alternative
51,63.0,3.090e-01,0.635,2.235e+05,0.562,2.010e-06,0.110,-8.920,0.168,181.014,0.288,Hip-Hop
52,58.0,,0.480,2.249e+05,,0.000e+00,0.193,-6.202,0.028,149.957,0.410,Rock
53,53.0,5.400e-03,0.556,2.070e+05,0.702,0.000e+00,0.218,-5.792,,132.330,0.452,Rock
54,42.0,1.460e-05,,2.306e+05,0.943,3.140e-02,0.222,-4.483,0.067,96.006,,Classical
55,66.0,8.210e-04,0.389,1.897e+05,0.748,5.800e-04,0.358,-4.461,0.081,120.406,0.216,Rock
56,53.0,,0.608,1.680e+05,,3.520e-01,0.166,-17.109,0.026,84.780,0.401,Rock
57,28.0,5.310e-03,0.531,2.496e+05,0.964,2.730e-02,0.083,,0.533,150.237,0.198,Electronic
58,70.0,1.800e-04,0.546,2.072e+05,0.959,1.440e-03,0.058,-4.664,0.082,127.831,0.416,Rock
59,67.0,6.090e-02,0.648,,0.750,,,-3.248,0.034,,0.556,Rock
60,37.0,3.330e-01,0.793,,0.479,,0.028,-10.759,0.082,95.990,0.645,Electronic
61,32.0,5.800e-04,0.664,-1.000e+00,0.830,1.130e-01,0.339,-5.021,0.046,94.812,0.906,Electronic
62,25.0,9.730e-01,0.071,2.573e+05,0.017,3.500e-01,0.073,-26.569,0.050,77.780,0.031,Classical
63,66.0,,0.579,,,,0.172,-4.872,,170.593,0.885,Rock
64,54.0,1.810e-01,0.799,2.527e+05,0.665,1.360e-01,0.125,-6.310,,89.498,0.783,Rock
65,49.0,9.460e-02,0.419,2.810e+05,0.748,1.740e-04,0.092,-8.142,0.052,85.020,0.417,Rock
66,15.0,,,1.779e+05,,9.410e-01,0.125,-12.529,0.042,62.838,,Anime
67,45.0,7.840e-01,0.560,2.149e+05,0.204,0.000e+00,0.109,-15.395,0.045,120.138,0.282,Alternative
68,21.0,,,-1.000e+00,,8.230e-02,0.605,,0.056,75.319,,Classical
69,56.0,,0.614,3.236e+05,,5.180e-01,0.108,-8.317,0.032,126.477,0.717,Rock
70,66.0,1.320e-01,0.615,2.513e+05,0.582,3.810e-05,0.119,-10.323,0.040,82.532,0.789,Rock
71,48.0,,0.507,1.830e+05,,0.000e+00,0.147,-4.763,0.118,165.136,0.436,Rock
72,57.0,2.540e-03,0.306,2.325e+05,0.985,6.260e-01,0.130,-6.687,0.082,133.963,0.255,Rock
73,31.0,5.690e-01,0.449,2.496e+05,0.871,1.930e-06,0.401,-2.365,0.071,204.048,0.786,Anime
74,78.0,3.710e-01,0.558,-1.000e+00,0.559,7.490e-06,0.109,-9.222,0.096,78.558,0.620,Hip-Hop
75,33.0,9.380e-03,0.473,2.142e+05,0.802,1.410e-03,0.392,-4.966,0.032,120.406,0.661,Rock
76,42.0,2.050e-01,0.496,1.770e+05,0.895,0.000e+00,0.063,-4.027,0.147,120.406,0.654,Country
77,62.0,1.750e-02,0.409,2.211e+05,0.761,0.000e+00,0.114,-4.514,0.031,155.901,0.271,Rock
78,16.0,2.860e-04,,9.257e+04,0.752,7.850e-01,0.152,-5.760,0.041,95.018,,Anime
79,58.0,7.300e-03,0.491,2.491e+05,0.738,0.000e+00,0.295,-6.730,0.057,162.003,0.524,Rock
80,30.0,2.190e-03,,1.288e+05,0.920,8.140e-01,0.160,-3.098,0.049,82.870,,Blues
81,54.0,2.290e-03,0.547,2.262e+05,0.932,0.000e+00,0.335,-5.237,0.097,134.981,0.513,Rock
82,50.0,8.750e-01,0.653,5.241e+05,0.368,3.050e-03,0.097,-11.567,0.044,117.161,0.249,Jazz
83,55.0,3.490e-01,0.446,2.457e+05,0.519,5.990e-03,0.249,,0.027,151.267,0.383,Country
84,44.0,,0.425,-1.000e+00,,1.240e-02,0.129,-9.072,0.031,73.690,0.311,Country
85,51.0,4.970e-01,0.740,2.204e+05,0.816,0.000e+00,0.195,-4.764,0.076,91.910,0.963,Rock
86,53.0,7.440e-01,0.366,4.981e+05,0.357,1.970e-05,0.110,-6.227,0.034,118.901,0.117,Rock
87,25.0,8.730e-03,0.465,2.430e+05,0.981,0.000e+00,0.354,-2.366,0.203,128.093,0.534,Anime
88,55.0,,,-1.000e+00,,7.930e-05,0.120,-5.855,0.283,207.852,,Hip-Hop
89,54.0,1.610e-02,0.739,2.383e+05,0.539,0.000e+00,0.235,-9.735,0.337,85.082,0.835,Hip-Hop
90,61.0,3.140e-01,0.687,2.043e+05,0.648,1.370e-06,0.289,,0.027,121.341,0.600,Rock
91,43.0,6.100e-01,,-1.000e+00,0.225,5.770e-02,0.060,-16.413,0.050,120.406,,Jazz
92,25.0,,0.584,2.535e+05,,8.570e-02,0.581,-4.090,0.164,127.984,0.053,Electronic
93,55.0,1.780e-01,0.687,2.423e+05,0.651,8.790e-03,0.149,-6.696,0.025,119.937,0.514,Rock
94,52.0,,0.420,3.517e+05,,4.230e-04,0.096,-9.828,0.034,147.949,0.378,Rock
95,12.0,9.910e-01,0.254,1.069e+05,0.203,8.860e-01,0.313,-19.116,0.040,109.666,0.172,Classical
96,62.0,8.550e-02,0.686,1.544e+05,0.670,0.000e+00,0.120,-7.626,0.225,173.915,0.636,Rap
97,62.0,4.100e-02,,2.660e+05,0.659,0.000e+00,0.059,-5.617,0.038,94.853,,Rock
98,55.0,2.710e-01,0.421,2.633e+05,0.633,0.000e+00,0.113,-6.837,0.043,155.715,0.161,Rock
99,70.0,7.350e-03,0.756,1.705e+05,0.814,0.000e+00,0.143,-5.398,0.042,146.990,0.709,Rap
100,28.0,4.220e-01,0.585,2.324e+05,0.726,2.350e-02,0.332,-12.614,0.055,126.105,0.884,Blues
101,52.0,,,1.807e+05,,0.000e+00,0.156,-5.810,0.045,116.030,,Rock
102,56.0,3.920e-01,0.482,3.237e+05,0.550,2.080e-02,0.111,-4.485,0.027,114.435,0.353,Rock
103,60.0,6.880e-02,0.626,-1.000e+00,0.527,2.140e-04,0.372,-9.371,0.109,151.657,0.227,Alternative
104,,5.130e-02,0.395,,0.896,,,-4.262,0.035,,0.350,Rock
105,71.0,5.380e-01,0.404,1.481e+05,0.430,0.000e+00,0.080,-12.327,0.224,180.061,0.641,Rock
106,64.0,2.630e-02,0.540,1.883e+05,0.780,7.120e-06,0.350,-5.872,0.042,144.011,0.514,Rock
107,66.0,3.180e-01,0.695,,0.731,,0.143,-2.150,0.034,122.522,0.497,Rock
108,54.0,,0.565,,,,,-10.793,0.038,,0.591,Rock
109,35.0,1.530e-02,0.550,,0.734,,,-5.720,0.031,,0.592,Country
110,50.0,1.990e-03,0.612,2.061e+05,0.794,0.000e+00,0.078,-5.857,0.038,130.025,0.482,Rock
111,64.0,2.630e-01,0.443,-1.000e+00,0.727,1.410e-04,0.169,-7.951,0.145,160.820,0.566,Blues
112,68.0,,0.497,1.879e+05,,1.980e-05,0.274,-4.308,0.045,148.893,0.385,Rock
113,22.0,9.780e-02,0.189,1.394e+05,0.812,8.750e-01,0.181,-10.686,0.044,123.597,0.276,Electronic
114,70.0,2.010e-01,,2.258e+05,0.779,0.000e+00,0.117,-5.084,0.287,83.332,,Hip-Hop
115,72.0,5.640e-01,0.492,1.641e+05,0.712,9.100e-05,0.357,-7.278,0.691,137.453,0.230,Rap
116,52.0,5.900e-02,0.625,1.581e+05,0.699,0.000e+00,0.231,-10.665,0.478,147.956,0.381,Rap
117,31.0,,0.299,-1.000e+00,,9.390e-01,0.429,-17.152,0.039,136.472,0.127,Classical
118,50.0,1.100e-02,,1.739e+05,0.500,1.200e-02,0.287,-18.390,0.044,105.357,,Country
119,0.0,9.280e-01,0.382,5.884e+05,0.161,5.590e-01,0.120,-19.090,0.053,93.319,0.266,Classical
120,56.0,9.550e-01,0.465,2.849e+05,0.242,2.230e-02,0.126,-10.460,0.030,102.812,0.315,Rock
121,52.0,,0.433,2.549e+05,,2.930e-01,0.159,-6.702,0.034,137.268,0.184,Alternative
122,57.0,4.240e-02,0.629,2.444e+05,0.690,0.000e+00,0.363,-4.894,0.036,102.036,0.307,Rock
123,55.0,3.940e-03,0.507,2.077e+05,0.663,1.890e-04,0.130,-9.163,0.139,94.884,0.327,Rock
124,66.0,2.190e-01,0.701,1.443e+05,0.261,0.000e+00,0.082,-19.846,0.094,97.042,0.890,Alternative
125,43.0,9.890e-01,0.198,-1.000e+00,0.038,9.690e-01,0.170,-29.885,0.044,136.392,0.127,Classical
126,11.0,9.290e-01,0.563,1.426e+05,0.252,6.110e-05,0.126,-10.691,,111.721,0.079,Anime
127,60.0,2.700e-01,0.546,,0.838,,,-3.510,0.032,,0.719,Rock
128,54.0,8.640e-01,0.736,1.820e+05,0.297,1.490e-05,0.061,-9.648,0.035,120.406,0.186,Rock
129,50.0,2.870e-03,0.517,2.601e+05,0.561,0.000e+00,0.556,,0.035,139.959,0.149,Alternative
130,53.0,,0.138,2.575e+05,,7.860e-01,0.089,-7.976,0.044,170.342,0.360,Rock
131,47.0,5.200e-01,0.561,1.846e+05,0.715,0.000e+00,0.119,-6.344,0.042,153.956,0.453,Rock
132,61.0,3.510e-01,0.541,1.995e+05,0.483,4.000e-01,0.111,-10.675,0.051,80.730,0.641,Rock
133,57.0,3.120e-01,0.605,-1.000e+00,0.605,5.110e-03,0.060,-7.722,0.084,147.736,0.418,Rock
134,74.0,,0.655,-1.000e+00,,0.000e+00,0.409,-3.451,0.059,91.035,0.165,Rap
135,65.0,4.310e-01,0.566,2.335e+05,0.766,0.000e+00,0.101,-5.036,0.040,120.406,0.547,Rock
136,36.0,8.650e-01,0.124,1.795e+05,0.309,8.000e-01,0.103,,0.035,63.827,0.080,Classical
137,63.0,5.910e-06,0.382,2.983e+05,0.867,5.810e-01,0.196,-7.426,0.040,87.309,0.453,Rock
138,51.0,,0.606,1.972e+05,,7.140e-05,0.111,-5.726,0.036,132.004,0.490,Country
139,57.0,7.350e-01,0.717,1.464e+05,0.373,0.000e+00,0.303,,0.061,138.513,0.538,Rock
140,65.0,6.310e-04,0.246,2.127e+05,0.768,3.010e-01,0.102,-7.480,0.039,169.873,0.350,
141,38.0,6.370e-01,0.752,5.535e+05,0.791,7.510e-01,0.100,-12.400,0.055,116.004,0.110,Electronic
142,52.0,2.710e-02,0.691,2.220e+05,0.754,7.190e-02,0.881,-8.136,0.037,144.085,0.924,Rock
143,55.0,2.260e-02,,2.246e+05,0.550,2.050e-01,0.043,-7.427,0.026,81.814,,Rock
144,50.0,7.490e-02,0.791,3.084e+05,0.535,1.960e-06,0.156,-13.261,0.035,127.488,0.963,Blues
145,44.0,2.630e-01,0.841,2.940e+05,0.835,0.000e+00,0.108,-6.191,0.308,133.024,0.702,Hip-Hop
146,54.0,5.230e-02,0.694,2.153e+05,0.951,3.380e-03,0.293,-5.400,,120.014,0.740,Rock
147,47.0,2.300e-01,0.622,1.962e+05,0.448,0.000e+00,0.102,-10.709,0.026,120.406,0.553,Alternative
148,41.0,8.730e-02,0.364,1.879e+05,0.845,1.400e-06,0.084,-4.115,,130.022,0.428,Blues
149,41.0,,,2.243e+05,,0.000e+00,0.111,-5.159,0.029,82.993,,Country
150,36.0,9.000e-01,0.678,1.433e+05,0.327,1.580e-01,0.111,-9.072,0.029,113.803,0.557,Anime
151,66.0,,0.733,2.270e+05,,0.000e+00,0.151,-6.870,0.044,138.034,0.259,Rap
152,30.0,1.450e-02,0.519,2.346e+05,0.576,3.920e-01,0.201,-7.705,0.029,139.981,0.116,Electronic
153,66.0,1.060e-01,0.660,2.002e+05,0.799,0.000e+00,0.154,-4.644,0.100,125.966,0.475,Rock
154,76.0,,0.657,2.669e+05,,0.000e+00,0.254,-4.938,0.078,93.985,0.726,Hip-Hop
155,64.0,6.640e-01,0.403,2.126e+05,0.450,7.570e-06,0.095,-6.314,,147.694,0.116,Rock
156,52.0,1.750e-02,0.672,5.051e+05,0.792,1.190e-02,0.313,-6.436,0.033,146.907,0.649,Rock
157,42.0,6.660e-01,0.656,1.871e+05,0.707,0.000e+00,0.170,-3.841,0.029,126.057,0.473,Country
158,60.0,1.030e-01,0.401,6.000e+04,0.532,0.000e+00,0.478,-11.554,0.508,84.777,0.413,Rap
159,62.0,1.980e-02,0.600,2.775e+05,0.912,6.520e-05,0.088,-3.449,0.072,110.339,0.506,Rock
160,70.0,4.040e-01,0.629,-1.000e+00,0.601,0.000e+00,0.058,-7.508,0.309,199.921,0.612,Hip-Hop
161,66.0,9.410e-03,,2.083e+05,0.837,0.000e+00,0.372,-5.608,0.045,140.495,,Rock
162,69.0,1.970e-03,0.352,-1.000e+00,0.912,0.000e+00,0.193,-4.253,0.072,166.795,0.351,Rock
163,66.0,1.730e-01,0.680,1.907e+05,0.738,3.600e-04,0.370,-4.881,,105.015,0.675,Rock
164,37.0,9.880e-01,0.668,,0.243,,,-11.664,0.054,,0.668,Jazz
165,42.0,6.330e-01,0.606,2.183e+05,0.342,6.840e-05,0.297,-13.197,0.030,78.019,0.432,Jazz
166,48.0,8.060e-03,0.520,2.592e+05,0.963,1.510e-04,0.175,-2.662,0.050,155.934,0.567,Anime
167,54.0,5.450e-05,0.483,2.501e+05,0.962,9.610e-06,0.273,-2.930,0.107,88.003,0.459,Alternative
168,50.0,2.250e-04,,2.811e+05,0.905,1.990e-03,0.072,-6.514,0.049,126.793,,Electronic
169,49.0,,0.486,-1.000e+00,,2.980e-04,0.674,-3.611,0.064,117.260,0.142,Hip-Hop
170,61.0,5.870e-05,0.248,3.112e+05,0.988,8.400e-01,0.323,-3.740,0.144,120.406,0.149,Rock
171,58.0,,0.518,3.033e+05,,7.630e-06,0.109,-7.106,,98.022,0.161,Rock
172,51.0,,0.498,2.274e+05,,0.000e+00,0.169,-5.340,0.033,160.043,0.695,Rock
173,68.0,2.210e-01,0.588,2.784e+05,0.301,2.360e-03,0.128,-14.979,,112.458,0.190,Rock
174,47.0,1.110e-01,0.690,2.681e+05,0.740,8.070e-01,0.090,-5.509,0.074,144.935,0.363,Electronic
175,38.0,3.060e-02,0.443,2.513e+05,0.756,1.210e-03,0.330,-9.216,0.044,83.797,0.346,Blues
176,55.0,1.220e-01,0.500,1.738e+05,0.854,0.000e+00,0.079,-5.151,0.095,94.960,0.404,Rock
177,52.0,2.970e-03,0.399,,0.925,,,-5.450,0.038,,0.145,Electronic
178,27.0,1.100e-03,0.327,3.081e+05,0.972,3.480e-03,0.082,-3.489,0.469,120.406,0.103,Anime
179,30.0,1.120e-01,0.394,3.257e+05,0.348,2.570e-02,0.294,-10.197,0.036,127.543,0.538,Blues
180,56.0,,0.517,1.873e+05,,0.000e+00,0.166,-6.152,0.081,150.134,0.371,Rock
181,67.0,2.130e-02,,2.450e+05,0.614,1.650e-01,0.310,-7.528,0.043,119.837,,Rock
182,68.0,1.290e-01,,2.097e+05,0.650,0.000e+00,0.113,-5.981,0.038,117.992,,Rock
183,53.0,3.550e-02,0.327,2.076e+05,0.948,5.150e-01,0.126,,0.071,177.328,0.469,Rock
184,58.0,,0.839,-1.000e+00,,3.760e-04,0.116,-4.181,0.116,115.005,0.600,Hip-Hop
185,62.0,1.980e-04,0.390,1.770e+05,0.910,0.000e+00,0.156,-3.268,0.133,162.253,0.644,Rock
186,55.0,1.260e-01,0.779,2.174e+05,0.902,0.000e+00,0.242,-2.975,0.169,95.321,0.820,Rap
187,62.0,4.720e-01,0.757,2.009e+05,0.614,0.000e+00,0.161,,,90.523,0.616,Alternative
188,29.0,,0.847,1.836e+05,,3.520e-02,0.115,-15.243,,126.902,0.741,Blues
189,72.0,,0.562,3.750e+05,,0.000e+00,0.170,-5.065,0.369,159.517,0.231,Hip-Hop
190,33.0,,0.615,2.648e+05,,1.280e-02,0.127,-7.503,0.028,155.972,0.383,Jazz
191,72.0,4.110e-01,0.673,2.151e+05,0.395,5.460e-03,0.122,,0.123,170.074,0.137,Rap
192,56.0,8.320e-02,,2.685e+05,0.835,9.820e-03,0.077,-6.553,0.060,144.641,,Rock
193,40.0,3.030e-04,0.711,2.841e+05,0.954,8.340e-01,0.070,-7.914,0.071,124.982,0.897,Electronic
194,30.0,,0.442,3.983e+05,,1.490e-01,0.129,-10.696,0.062,97.643,0.510,Blues
195,60.0,3.160e-01,0.680,-1.000e+00,0.701,4.720e-06,0.111,-10.360,0.036,108.287,0.933,Rock
196,58.0,9.100e-03,0.668,2.996e+05,0.803,1.820e-03,0.571,-11.282,0.046,115.386,0.423,Rock
197,48.0,9.510e-01,0.498,1.938e+05,0.097,0.000e+00,0.105,-16.482,0.043,144.077,0.390,Country
198,53.0,,0.673,2.409e+05,,0.000e+00,0.200,-6.464,0.064,95.997,0.379,Rock
199,68.0,,0.487,1.609e+05,,1.040e-03,0.405,-4.736,0.089,137.939,0.563,Rock
200,59.0,3.860e-04,0.542,1.835e+05,0.939,3.850e-06,0.093,-4.166,0.082,129.983,0.256,Rock
201,55.0,4.590e-01,0.657,2.107e+05,0.690,0.000e+00,0.122,-6.866,0.030,112.014,0.573,Rock
202,28.0,,0.455,2.260e+05,,6.140e-04,0.389,-2.365,0.109,131.814,0.383,Anime
203,55.0,,0.551,2.951e+05,,9.840e-06,0.276,-3.446,0.161,147.001,0.436,Rap
204,16.0,8.680e-01,0.577,3.435e+05,0.491,9.310e-01,0.084,-7.412,0.063,124.557,0.389,Anime
205,53.0,7.440e-01,0.257,2.339e+05,0.452,9.960e-02,0.380,-12.365,0.035,120.406,0.271,Rock
206,72.0,1.980e-01,,2.064e+05,0.498,0.000e+00,0.132,-6.901,0.028,116.271,,Rock
207,46.0,2.170e-02,0.570,2.329e+05,0.600,0.000e+00,0.096,-11.618,0.039,143.861,0.611,Country
208,56.0,1.690e-01,,3.292e+05,0.662,0.000e+00,0.345,,0.045,94.531,,Rap
209,53.0,3.510e-03,0.422,2.054e+05,0.953,1.030e-06,0.575,-5.927,0.123,152.009,0.200,Rock
210,55.0,,0.602,2.480e+05,,2.510e-03,0.280,-17.899,,101.941,0.505,Rock
211,57.0,,0.407,3.073e+05,,9.350e-01,0.096,-11.733,0.035,100.010,0.072,Rock
212,53.0,3.730e-01,,2.135e+05,0.788,0.000e+00,0.108,-7.029,0.053,120.406,,Rock
213,41.0,,0.358,2.554e+05,,1.340e-06,0.087,-8.217,0.035,120.406,0.487,Jazz
214,68.0,6.060e-05,0.451,1.942e+05,0.815,0.000e+00,0.270,-5.550,,147.974,0.618,Rap
215,50.0,3.660e-01,0.542,-1.000e+00,0.566,5.140e-06,0.098,-5.990,0.056,153.479,0.408,Country
216,65.0,1.350e-01,0.756,2.469e+05,0.415,0.000e+00,0.144,-14.429,0.056,96.990,0.680,Rock
217,13.0,,,2.297e+05,,5.590e-04,0.132,-3.988,0.033,120.406,,Anime
218,73.0,,0.431,-1.000e+00,,9.600e-03,0.502,-4.243,0.062,147.108,0.534,Rock
219,46.0,5.340e-04,0.374,4.784e+05,0.926,1.170e-02,0.341,-4.947,0.083,106.315,0.619,Jazz
220,39.0,1.520e-01,0.572,2.354e+05,0.826,0.000e+00,0.113,-5.167,0.132,167.988,0.408,Country
221,34.0,5.660e-01,0.570,4.678e+05,0.291,2.830e-02,0.045,-13.953,0.043,106.247,0.423,Jazz
222,51.0,3.160e-01,0.474,2.339e+05,0.508,0.000e+00,0.166,-6.845,0.024,77.310,0.358,Blues
223,71.0,2.900e-03,0.736,-1.000e+00,0.711,2.750e-04,0.095,-5.503,0.035,112.309,0.719,Rock
224,62.0,1.290e-02,0.595,3.415e+05,0.804,1.970e-05,0.299,-7.911,0.033,89.846,0.586,Rock
225,54.0,,0.666,2.205e+05,,2.330e-04,0.116,-8.369,0.036,96.982,0.438,Rock
226,42.0,2.920e-01,0.594,,0.718,,,-5.755,0.029,,0.549,Country
227,56.0,,0.752,2.289e+05,,0.000e+00,0.107,-8.156,0.086,120.406,0.386,Rap
228,58.0,,0.808,,,,,-8.435,0.252,,0.616,Alternative
229,51.0,4.240e-02,0.512,,0.552,,0.111,-9.499,0.035,143.977,0.210,Rock
230,64.0,3.500e-01,0.764,1.746e+05,0.646,0.000e+00,0.082,-9.349,0.030,116.115,0.886,Rock
231,26.0,3.870e-05,0.476,1.696e+05,0.791,8.380e-01,0.165,-8.086,0.058,120.406,0.403,Blues
232,58.0,1.920e-03,0.490,2.050e+05,0.699,6.450e-06,0.111,-5.550,0.029,85.955,0.364,Rock
233,30.0,,,1.244e+05,,8.160e-04,0.085,-11.499,0.029,74.864,,Jazz
234,39.0,8.720e-01,,5.000e+05,0.270,7.460e-01,0.176,-13.276,0.042,71.806,,Jazz
235,63.0,,0.650,2.259e+05,,3.510e-04,0.122,-3.677,0.031,121.896,0.409,Rock
236,23.0,3.770e-01,,1.808e+05,0.676,2.210e-01,0.741,-7.273,0.040,94.518,,Blues
237,28.0,8.590e-01,0.574,1.854e+05,0.284,0.000e+00,0.114,-9.087,0.036,68.070,0.672,Blues
238,64.0,5.170e-01,,-1.000e+00,0.596,1.590e-03,0.358,,0.246,94.968,,Hip-Hop
239,62.0,,0.485,1.849e+05,,0.000e+00,0.098,-3.807,0.029,151.948,0.613,Country
240,56.0,5.630e-02,0.892,-1.000e+00,0.538,0.000e+00,0.303,-7.043,0.304,130.129,0.325,Hip-Hop
241,30.0,6.180e-02,0.389,1.604e+05,0.829,1.250e-03,0.168,-5.580,0.150,122.051,0.435,Blues
242,51.0,2.240e-02,0.647,2.336e+05,0.690,0.000e+00,0.147,-8.657,0.045,117.514,0.682,Alternative
243,63.0,6.900e-02,,1.635e+05,0.969,2.200e-04,0.061,-7.464,0.085,142.489,,Rock
244,61.0,7.740e-02,0.486,1.988e+05,0.892,0.000e+00,0.053,-3.529,0.061,72.984,0.361,Rock
245,67.0,,0.575,2.040e+05,,0.000e+00,0.614,-6.007,0.325,172.155,0.926,Hip-Hop
246,59.0,8.130e-04,,3.096e+05,0.708,1.970e-02,0.076,-9.367,0.026,100.698,,Alternative
247,40.0,,0.339,2.332e+05,,1.620e-03,0.105,-11.843,0.045,187.622,0.223,Electronic
248,55.0,3.120e-02,0.473,3.123e+05,0.691,4.040e-03,0.147,-7.984,0.025,82.118,0.421,Alternative
249,51.0,5.370e-03,0.507,2.311e+05,0.686,0.000e+00,0.124,-4.974,0.040,120.406,0.389,Rock
250,63.0,4.140e-02,0.325,1.532e+05,0.872,0.000e+00,0.478,-2.535,0.101,199.842,0.744,Rock
251,53.0,9.850e-01,0.336,1.904e+05,0.062,8.910e-01,0.110,-20.494,0.036,60.705,0.197,Jazz
252,67.0,5.000e-02,0.813,,0.977,,,-6.078,0.048,,0.842,Rock
253,,7.980e-03,0.672,,0.688,,,-9.605,0.037,,0.808,Electronic
254,56.0,1.160e-02,0.507,-1.000e+00,0.666,3.430e-01,0.129,-8.362,0.029,77.979,0.185,Rock
255,55.0,1.280e-01,0.534,2.955e+05,0.663,3.630e-05,0.431,-5.480,0.029,141.525,0.573,Rock
256,32.0,7.440e-04,0.471,2.285e+05,0.944,5.870e-04,0.193,-4.673,0.069,94.414,0.763,Blues
257,76.0,,0.667,2.079e+05,,1.500e-02,0.097,-5.935,0.068,114.981,0.485,Rock
258,62.0,,,2.212e+05,,3.310e-05,0.112,-8.821,0.036,95.239,,Rock
259,20.0,9.180e-04,0.167,-1.000e+00,0.461,7.930e-01,0.113,-10.650,0.033,87.030,0.103,Anime
260,41.0,1.780e-01,0.700,2.272e+05,0.679,0.000e+00,0.079,-7.019,0.117,78.817,0.412,Country
261,53.0,,0.655,3.047e+05,,0.000e+00,0.064,-12.824,,118.732,0.528,Country
262,55.0,1.340e-02,,2.171e+05,0.626,0.000e+00,0.349,-7.155,0.045,134.028,,Alternative
263,38.0,1.080e-03,0.776,4.485e+05,0.703,8.800e-01,0.352,-16.542,0.050,125.938,0.922,Jazz
264,59.0,8.880e-03,,2.250e+05,0.951,1.260e-03,0.376,-3.888,0.097,158.075,,Rock
265,33.0,9.900e-01,0.393,-1.000e+00,0.112,9.240e-01,0.123,-24.031,0.035,139.968,0.487,Classical
266,52.0,1.010e-03,0.565,2.139e+05,0.905,0.000e+00,0.325,-3.575,0.057,126.011,0.684,Rock
267,62.0,2.080e-02,0.575,2.498e+05,0.478,1.110e-05,0.144,-5.517,0.031,125.968,0.297,Rock
268,34.0,3.230e-06,0.275,1.446e+05,0.958,9.590e-01,0.315,-9.171,0.041,99.993,0.727,Blues
269,59.0,1.770e-03,0.568,1.979e+05,0.871,4.060e-04,0.360,-5.235,0.049,133.064,0.693,Rock
270,61.0,,0.596,1.850e+05,,1.510e-01,0.135,-5.820,0.070,149.999,0.560,Rock
271,49.0,,0.704,-1.000e+00,,1.100e-01,0.154,,0.032,128.807,0.789,Rock
272,,1.930e-01,0.477,,0.471,,0.131,-10.036,0.028,81.204,0.423,Rock
273,54.0,9.360e-01,0.696,1.310e+05,0.234,4.300e-05,0.114,-14.541,0.038,130.302,0.484,Jazz
274,53.0,,0.492,2.020e+05,,1.620e-01,0.255,-6.790,0.033,84.237,0.323,Rock
275,58.0,8.380e-01,0.665,-1.000e+00,0.253,0.000e+00,0.168,-7.326,0.051,142.252,0.477,Rock
276,30.0,,,2.122e+05,,9.040e-01,0.513,-11.301,0.038,163.163,,Jazz
277,49.0,,0.562,2.841e+05,,0.000e+00,0.322,-7.974,0.203,93.378,0.362,Alternative
278,68.0,2.650e-03,0.553,1.733e+05,0.917,9.910e-03,0.070,-8.806,0.091,101.798,0.781,Rock
279,55.0,8.410e-02,,3.845e+05,0.639,0.000e+00,0.371,-9.910,0.034,149.686,,Rock
280,,7.060e-03,0.572,,0.868,,,-4.833,0.047,,0.248,
281,54.0,7.270e-02,0.609,-1.000e+00,0.876,6.960e-06,0.078,-5.777,0.044,152.043,0.390,Rock
282,55.0,6.740e-02,0.432,-1.000e+00,0.612,1.340e-06,0.111,-6.871,0.029,89.995,0.113,Rock
283,56.0,3.490e-04,0.684,2.688e+05,0.906,5.500e-01,0.103,-6.661,,101.460,0.555,Rock
284,55.0,4.790e-01,0.345,,0.461,,,-12.063,0.065,,0.171,Rock
285,54.0,1.740e-01,0.568,2.136e+05,0.714,0.000e+00,0.043,-7.139,,146.338,0.955,Rock
286,33.0,9.330e-01,0.304,-1.000e+00,0.126,9.390e-01,0.124,-20.634,0.029,84.377,0.307,Jazz
287,57.0,1.750e-01,0.541,1.746e+05,0.662,0.000e+00,0.080,-7.196,0.038,144.046,0.742,Rock
288,35.0,,0.375,1.436e+05,,4.720e-06,0.086,-12.955,0.034,67.714,0.379,Classical
289,28.0,1.210e-01,0.365,3.339e+05,0.676,7.010e-01,0.478,-8.700,0.112,149.220,0.599,Blues
290,40.0,9.660e-01,0.716,2.192e+05,0.404,9.090e-01,0.107,-13.790,,96.979,0.565,Electronic
291,57.0,9.720e-01,0.193,2.080e+05,0.033,9.290e-01,0.098,-28.228,0.046,82.165,0.037,Classical
292,59.0,2.280e-01,0.573,2.336e+05,0.656,0.000e+00,0.065,-5.954,0.056,81.952,0.668,Rock
293,70.0,,0.606,1.930e+05,,0.000e+00,0.337,-4.404,0.060,119.974,0.903,Rock
294,74.0,,,3.828e+05,,2.010e-03,0.269,-10.421,0.152,124.193,,Rock
295,24.0,1.100e-01,0.626,3.684e+05,0.994,4.150e-02,0.304,-2.849,0.080,129.993,0.475,Anime
296,64.0,1.630e-04,0.408,1.969e+05,0.817,3.000e-02,0.403,-4.590,0.076,120.406,0.288,Rock
297,57.0,1.230e-01,0.749,2.381e+05,0.649,0.000e+00,0.371,-8.623,0.053,120.068,0.146,Rap
298,52.0,6.140e-03,0.515,2.602e+05,0.912,1.770e-01,0.157,,0.069,107.131,0.596,Rock
299,64.0,,0.505,-1.000e+00,,0.000e+00,0.113,-5.146,0.036,140.066,0.623,Rock
300,61.0,4.910e-01,,2.881e+05,0.467,1.750e-01,0.081,-10.862,0.030,113.713,,Blues
301,55.0,3.740e-01,0.926,2.131e+05,0.354,0.000e+00,0.490,-10.773,0.511,105.005,0.561,Hip-Hop
302,51.0,2.700e-01,0.648,2.482e+05,0.637,4.220e-06,0.047,-10.138,0.030,120.406,0.738,Rock
303,,8.260e-01,0.153,,0.359,,0.082,-17.719,0.038,83.894,0.313,Anime
304,57.0,4.020e-01,0.498,-1.000e+00,0.806,5.740e-06,0.525,-5.284,0.026,120.406,0.664,Rock
305,,6.640e-03,0.496,,0.554,,,-8.487,0.365,,0.328,Rap
306,57.0,1.230e-01,0.749,2.381e+05,0.649,0.000e+00,0.371,-8.623,0.053,120.068,0.146,Hip-Hop
307,44.0,2.540e-04,0.378,2.874e+05,0.919,8.990e-01,0.610,-6.234,0.049,93.045,0.205,Jazz
308,52.0,6.940e-01,0.771,,0.458,,0.078,-7.652,0.033,109.089,0.707,Jazz
309,36.0,8.470e-01,0.465,1.312e+05,0.431,0.000e+00,0.360,-10.847,0.030,93.981,0.740,Blues
310,56.0,4.630e-03,,2.080e+05,0.854,0.000e+00,0.344,-5.030,0.164,186.061,,Rock
311,57.0,9.290e-02,0.680,1.868e+05,0.798,0.000e+00,0.075,-4.978,0.116,116.989,0.594,Rock
312,62.0,9.630e-03,0.639,2.462e+05,0.903,7.060e-05,0.174,,0.037,135.938,0.960,Rock
313,38.0,1.620e-02,0.636,1.822e+05,0.526,2.300e-06,0.089,-7.372,0.036,76.447,0.338,Blues
314,48.0,,,5.740e+05,,6.820e-01,0.268,-13.336,0.031,119.596,,Rock
315,62.0,8.120e-02,0.560,2.308e+05,0.798,1.540e-06,0.327,-6.672,,124.397,0.675,Rock
316,68.0,4.610e-01,0.573,1.428e+05,0.683,0.000e+00,0.093,-6.644,0.176,169.519,0.817,Rock
317,25.0,2.420e-02,0.449,3.765e+05,0.891,2.580e-01,0.669,-4.118,0.135,109.953,0.544,Electronic
318,56.0,2.520e-01,0.873,1.814e+05,0.872,0.000e+00,0.335,-0.883,0.170,97.978,0.683,Hip-Hop
319,63.0,1.290e-02,,1.309e+05,0.914,0.000e+00,0.079,,0.266,93.532,,Rap
320,68.0,1.250e-02,0.426,1.667e+05,0.894,4.100e-04,0.187,-6.699,0.174,108.725,0.630,Alternative
321,25.0,1.660e-02,0.376,2.551e+05,0.300,8.420e-04,0.483,-5.861,0.030,99.677,0.277,Anime
322,33.0,2.890e-01,0.546,2.949e+05,0.437,3.120e-04,0.119,-8.993,0.033,129.955,0.534,Blues
323,47.0,4.740e-01,0.782,-1.000e+00,0.791,1.200e-03,0.056,-6.321,0.038,99.992,0.819,Jazz
324,67.0,,0.476,2.021e+05,,7.290e-03,0.094,-3.506,0.132,140.404,0.416,Rock
325,13.0,7.610e-01,0.544,2.148e+05,0.792,0.000e+00,0.335,,0.046,119.998,0.615,Anime
326,65.0,,0.465,2.178e+05,,2.000e-02,0.286,-6.331,0.237,155.061,0.390,Rock
327,70.0,8.230e-02,,2.149e+05,0.759,4.440e-05,0.099,-5.670,0.037,124.725,,Rock
328,18.0,9.030e-01,0.477,-1.000e+00,0.221,8.520e-01,0.113,-20.078,0.033,128.154,0.198,Anime
329,60.0,2.120e-01,0.661,2.065e+05,0.743,2.040e-06,0.098,-7.760,0.033,106.045,0.897,Rock
330,41.0,1.800e-02,0.482,1.725e+05,0.864,0.000e+00,0.074,-4.040,0.095,185.736,0.771,Alternative
331,60.0,6.480e-01,0.443,1.594e+05,0.489,4.240e-01,0.131,-6.932,0.035,124.031,0.052,Rock
332,62.0,1.080e-02,0.743,2.433e+05,0.670,7.020e-02,0.220,-4.547,0.029,110.832,0.934,Rock
333,64.0,5.070e-02,0.693,1.846e+05,0.563,2.100e-03,0.112,-8.553,,155.962,0.618,Rap
334,65.0,2.070e-02,,1.929e+05,0.973,8.390e-01,0.038,,0.260,160.018,,Electronic
335,41.0,9.340e-01,0.185,1.828e+05,0.081,1.250e-02,0.084,-21.025,0.043,89.936,0.057,Classical
336,63.0,4.670e-04,,2.545e+05,0.704,1.330e-05,0.326,-6.835,0.030,99.804,,Rock
337,38.0,9.920e-01,0.379,2.396e+05,0.279,9.070e-01,0.107,-12.694,0.034,89.918,0.293,Jazz
338,,6.020e-01,0.658,,0.626,,0.682,-6.069,0.328,120.406,0.738,Hip-Hop
339,64.0,1.650e-03,,2.393e+05,0.780,2.140e-05,0.156,-4.939,0.036,145.125,,Rock
340,36.0,4.120e-02,0.578,,0.826,,,-5.042,,,0.534,Country
341,46.0,,0.612,3.167e+05,,1.670e-01,0.104,-8.637,0.040,79.975,0.661,Electronic
342,57.0,,0.539,2.571e+05,,1.790e-05,0.121,-4.884,0.027,88.969,0.503,Country
343,63.0,,0.647,2.175e+05,,7.030e-01,0.078,-4.692,0.029,110.059,0.268,Rock
344,63.0,7.880e-01,0.688,1.657e+05,0.711,2.640e-05,0.068,,0.083,152.277,0.935,Rock
345,50.0,1.270e-03,0.410,1.831e+05,0.979,1.250e-02,0.355,-5.021,0.106,146.741,0.478,Rock
346,60.0,7.920e-03,,2.879e+05,0.872,8.000e-01,0.261,-7.313,0.050,167.946,,Rock
347,69.0,,0.499,1.342e+05,,0.000e+00,0.165,-3.902,0.039,142.726,0.864,Rock
348,38.0,1.330e-02,,2.013e+05,0.869,0.000e+00,0.140,-4.624,0.050,80.980,,Country
349,44.0,5.970e-01,0.669,1.924e+05,0.699,3.090e-05,0.200,-6.882,0.058,92.006,0.368,Alternative
350,71.0,3.320e-04,0.305,2.068e+05,0.832,2.400e-05,0.091,-7.981,0.040,100.677,0.585,Rock
351,54.0,9.290e-01,,3.903e+05,0.195,8.070e-01,0.080,-19.454,0.034,126.862,,Rock
352,67.0,3.120e-02,,2.448e+05,0.914,8.920e-05,0.048,-3.834,0.107,97.021,,Rock
353,42.0,2.950e-02,0.291,1.947e+05,0.598,2.270e-03,0.074,-6.972,,146.245,0.186,Alternative
354,48.0,,0.740,1.303e+05,,0.000e+00,0.380,-9.483,0.054,113.713,0.844,Country
355,47.0,,0.605,,,,,-7.035,0.034,,0.434,Alternative
356,51.0,2.130e-01,0.535,3.913e+05,0.551,8.720e-06,0.172,-9.990,0.034,79.414,0.631,Rock
357,61.0,3.340e-01,0.506,-1.000e+00,0.526,5.390e-04,0.091,-9.936,0.029,129.641,0.591,Rock
358,53.0,,0.757,1.924e+05,,1.450e-05,0.112,-5.644,0.043,121.968,0.960,Rock
359,33.0,7.310e-02,0.654,1.483e+05,0.726,8.910e-01,0.243,-5.491,0.035,90.969,0.560,Electronic
360,58.0,1.070e-03,0.500,2.072e+05,0.836,4.030e-05,0.197,-6.165,0.045,90.011,0.410,Rock
361,53.0,2.160e-03,0.474,1.327e+05,0.994,1.260e-01,0.314,-1.884,0.103,171.433,0.847,Rap
362,62.0,4.530e-01,,2.133e+05,0.493,0.000e+00,0.241,-8.786,0.033,127.671,,Rock
363,40.0,8.510e-03,0.549,1.992e+05,0.895,1.120e-06,0.131,-7.145,0.044,134.595,0.950,Alternative
364,41.0,8.850e-01,0.454,2.647e+05,0.206,1.080e-04,0.067,-14.855,0.033,167.169,0.336,Blues
365,38.0,7.330e-01,0.540,-1.000e+00,0.370,9.320e-04,0.089,-12.017,0.046,88.360,0.208,Blues
366,67.0,6.620e-02,0.816,,0.813,,0.602,-7.798,0.066,127.979,0.436,Rap
367,23.0,,0.514,2.623e+05,,7.780e-01,0.140,-6.601,0.117,143.844,0.444,Anime
368,29.0,1.760e-01,0.609,3.442e+05,0.888,0.000e+00,0.150,-2.814,0.036,119.959,0.696,Anime
369,6.0,9.780e-01,0.239,7.088e+05,0.051,8.740e-01,0.101,-23.135,0.045,110.333,0.039,Classical
370,27.0,5.050e-01,,2.172e+05,0.383,0.000e+00,0.392,-13.074,0.046,110.522,,Blues
371,32.0,9.380e-03,0.495,2.004e+05,0.786,7.520e-03,0.107,-10.510,0.035,142.266,0.696,Blues
372,59.0,4.080e-01,0.888,2.369e+05,0.687,0.000e+00,0.061,-7.744,0.107,115.034,0.432,Electronic
373,70.0,6.660e-03,0.494,1.751e+05,0.939,0.000e+00,0.139,-3.127,0.126,177.751,0.893,Alternative
374,30.0,3.310e-01,0.779,-1.000e+00,0.769,1.430e-06,0.076,-5.780,0.038,127.960,0.941,Anime
375,64.0,7.900e-01,,1.335e+05,0.338,0.000e+00,0.105,-13.887,0.045,122.421,,Rock
376,40.0,1.380e-02,0.770,-1.000e+00,0.721,5.050e-01,0.097,-8.008,0.053,119.996,0.366,Electronic
377,54.0,2.060e-01,0.501,2.472e+05,0.903,0.000e+00,0.155,-4.327,0.120,131.957,0.432,Hip-Hop
378,59.0,,0.674,-1.000e+00,,0.000e+00,0.694,,0.029,114.048,0.889,Rock
379,51.0,1.110e-03,0.298,1.975e+05,0.597,0.000e+00,0.082,-12.107,0.034,180.434,0.536,Rock
380,52.0,3.840e-03,0.544,2.101e+05,0.625,6.570e-03,0.089,-6.797,0.034,75.243,0.430,Rock
381,33.0,8.290e-01,0.218,3.722e+05,0.244,9.300e-01,0.129,-16.472,0.040,83.739,0.060,Classical
382,63.0,4.070e-01,0.759,2.209e+05,0.779,6.100e-02,0.159,-9.375,0.035,128.211,0.918,Rock
383,34.0,,0.544,-1.000e+00,,1.720e-02,0.266,-5.031,0.061,168.364,0.462,Electronic
384,57.0,4.050e-01,0.584,1.990e+05,0.740,4.150e-06,0.569,-6.313,0.242,62.916,0.330,Rock
385,45.0,4.450e-01,0.715,1.970e+05,0.662,0.000e+00,0.081,-5.761,0.188,87.904,0.626,Jazz
386,44.0,1.010e-02,0.698,2.128e+05,0.676,2.570e-05,0.112,-11.717,,116.486,0.961,Country
387,61.0,9.870e-03,0.678,2.681e+05,0.530,2.740e-04,0.044,,0.024,91.779,0.678,Rock
388,54.0,8.870e-02,0.626,2.609e+05,0.691,9.630e-05,0.115,-5.873,0.028,109.005,0.396,Rock
389,75.0,5.820e-01,0.651,2.029e+05,0.708,0.000e+00,0.080,-4.791,,119.964,0.558,Rock
390,73.0,1.700e-01,0.837,-1.000e+00,0.549,0.000e+00,0.057,-5.722,0.167,121.954,0.209,Rap
391,71.0,3.110e-02,0.654,2.120e+05,0.726,6.350e-05,0.062,-3.803,0.040,103.987,0.728,Rock
392,55.0,,0.684,2.390e+05,,2.980e-05,0.063,-5.460,0.031,115.940,0.565,Rock
393,64.0,7.660e-02,,3.274e+05,0.499,1.550e-06,0.111,-10.972,0.069,171.067,,Rock
394,54.0,1.410e-01,0.535,2.250e+05,0.803,0.000e+00,0.297,-4.116,0.046,147.902,0.342,Rock
395,65.0,7.230e-01,0.714,-1.000e+00,0.343,5.480e-06,0.102,-7.641,0.380,72.348,0.372,Rap
396,63.0,3.220e-05,0.470,2.151e+05,0.885,1.960e-01,0.169,,0.035,138.153,0.790,Rock
397,67.0,3.440e-01,0.489,1.761e+05,0.637,0.000e+00,0.176,-5.014,,170.157,0.345,Rock
398,44.0,8.480e-04,0.726,,0.892,,0.831,-2.278,0.056,120.100,0.334,Electronic
399,54.0,2.290e-01,0.862,1.487e+05,0.598,3.040e-03,0.135,-6.667,0.061,141.934,0.561,Hip-Hop
400,50.0,1.020e-01,0.307,3.672e+05,0.407,5.710e-02,0.103,-8.250,0.028,90.255,0.043,Alternative
401,65.0,,0.643,2.489e+05,,7.710e-06,0.495,-4.660,0.078,120.723,0.526,Rock
402,19.0,,0.666,2.525e+05,,0.000e+00,0.130,-5.509,0.026,138.029,0.512,Anime
403,64.0,2.500e-01,0.546,1.781e+05,0.631,0.000e+00,0.123,-5.757,0.028,129.556,0.569,Rock
404,41.0,2.410e-03,,1.966e+05,0.931,8.520e-01,0.356,-3.817,0.071,140.031,,Electronic
405,39.0,6.720e-04,0.560,2.190e+05,0.870,1.090e-01,0.129,-3.492,0.052,160.044,0.345,Electronic
406,63.0,3.840e-03,0.635,1.904e+05,0.908,8.340e-02,0.239,-4.795,0.056,110.012,0.637,Rock
407,56.0,2.590e-01,0.534,2.339e+05,0.457,4.000e-04,0.203,-8.660,0.027,140.798,0.271,Rock
408,57.0,7.320e-01,,-1.000e+00,0.298,2.950e-03,0.100,-13.477,0.036,128.022,,Rock
409,48.0,1.610e-01,0.481,2.343e+05,0.571,4.940e-03,0.357,-8.582,0.030,167.634,0.634,Rock
410,49.0,8.210e-04,,2.174e+05,0.890,0.000e+00,0.091,-5.759,0.066,100.061,,Rock
411,53.0,9.940e-01,0.222,1.614e+05,0.012,9.250e-01,0.102,-32.855,0.036,72.774,0.140,Classical
412,64.0,2.980e-01,0.541,1.601e+05,0.608,0.000e+00,0.234,-13.083,0.106,171.992,0.938,Rock
413,,,0.155,,,,0.095,-26.549,0.045,92.442,0.073,Classical
414,62.0,8.190e-02,0.421,3.004e+05,0.963,0.000e+00,0.500,-2.160,0.415,120.406,0.494,Rap
415,59.0,3.100e-02,0.513,2.427e+05,0.770,0.000e+00,0.198,-5.131,0.028,120.406,0.849,Rock
416,47.0,,0.699,1.471e+05,,0.000e+00,0.108,-4.952,0.215,144.880,0.812,Alternative
417,67.0,7.380e-03,0.547,1.971e+05,0.804,0.000e+00,0.031,-5.268,0.036,142.016,0.666,Rock
418,62.0,7.270e-01,0.730,1.631e+05,0.504,0.000e+00,0.143,-11.686,0.048,126.282,0.883,Rock
419,56.0,1.160e-02,0.528,2.081e+05,0.888,7.620e-01,0.154,-6.039,0.033,145.971,0.897,Rock
420,58.0,3.350e-01,0.792,2.306e+05,0.808,0.000e+00,0.269,-4.156,0.096,92.064,0.709,
421,58.0,,0.627,,,,,-12.330,0.040,,0.323,Rock
422,69.0,4.500e-01,0.643,2.501e+05,0.809,1.220e-06,0.154,-3.275,0.028,112.677,0.499,Rock
423,58.0,2.200e-01,,2.383e+05,0.528,3.500e-01,0.140,-13.382,0.036,117.472,,Rock
424,50.0,,0.884,2.287e+05,,1.040e-03,0.050,-8.919,,99.018,0.415,Rap
425,44.0,4.620e-02,0.676,1.951e+05,0.788,0.000e+00,0.173,-5.757,0.099,120.406,0.384,Country
426,2.0,4.980e-01,0.539,5.510e+04,0.453,8.750e-01,0.106,-21.199,0.068,82.184,0.764,Jazz
427,43.0,1.630e-01,0.810,3.505e+05,0.590,6.000e-02,0.096,-7.421,0.047,120.017,0.662,Jazz
428,50.0,,0.624,3.699e+05,,2.040e-01,0.066,-10.746,0.028,144.049,0.713,Rock
429,53.0,9.170e-01,0.561,2.289e+05,0.252,0.000e+00,0.106,-9.448,0.035,144.226,0.346,Rock
430,73.0,,0.467,3.203e+05,,2.480e-02,0.118,-10.451,0.025,94.301,0.166,Rock
431,44.0,,0.221,1.842e+05,,9.570e-01,0.076,-23.238,0.037,102.960,0.127,Classical
432,54.0,1.490e-01,0.738,2.576e+05,0.879,0.000e+00,0.102,-4.444,0.245,90.338,0.893,Rap
433,48.0,2.030e-01,0.673,2.129e+05,0.838,8.800e-06,0.105,-5.922,0.314,168.114,0.872,Hip-Hop
434,32.0,8.060e-01,0.423,1.238e+05,0.156,5.870e-04,0.623,-17.959,0.039,135.911,0.563,Classical
435,37.0,,,2.053e+05,,9.520e-01,0.110,-6.854,0.033,186.004,,Classical
436,39.0,,0.206,2.083e+05,,9.590e-01,0.144,-23.543,0.046,114.943,0.038,Classical
437,31.0,1.140e-05,0.294,2.539e+05,0.921,8.040e-05,0.080,-4.165,0.081,184.780,0.241,Classical
438,56.0,5.790e-03,0.939,1.445e+05,0.373,0.000e+00,0.274,-7.779,0.227,119.953,0.060,Rap
439,64.0,6.060e-05,0.451,1.942e+05,0.815,0.000e+00,0.270,-5.550,0.037,147.974,0.618,Alternative
440,48.0,4.490e-01,,1.500e+05,0.485,2.330e-06,0.072,-7.164,0.060,119.161,,Jazz
441,56.0,1.530e-01,0.731,-1.000e+00,0.488,4.440e-06,0.063,-7.256,0.054,93.981,0.465,Hip-Hop
442,36.0,1.390e-01,0.635,2.491e+05,0.476,5.970e-05,0.103,-10.441,0.072,88.053,0.522,Blues
443,47.0,1.760e-01,0.809,1.490e+05,0.701,0.000e+00,0.184,-12.484,0.057,105.696,0.563,Blues
444,54.0,1.730e-04,0.521,2.060e+05,0.919,2.180e-03,0.301,-3.146,0.048,131.726,0.746,Rock
445,21.0,6.140e-01,,8.996e+04,0.433,7.640e-01,0.108,-10.354,0.146,80.038,,Electronic
446,27.0,7.020e-01,0.738,1.602e+05,0.411,8.600e-03,0.106,-8.988,0.051,76.005,0.651,Blues
447,47.0,4.040e-01,0.467,1.576e+05,0.581,0.000e+00,0.149,-9.768,0.456,91.108,0.152,Hip-Hop
448,50.0,8.790e-02,0.776,,0.601,,,-6.041,0.049,,0.416,Alternative
449,39.0,8.100e-01,,2.137e+05,0.395,0.000e+00,0.346,-11.674,0.031,136.467,,Country
450,72.0,9.090e-01,0.643,,0.344,,0.106,-11.342,0.035,144.171,0.547,Rock
451,66.0,1.290e-01,,1.952e+05,0.830,0.000e+00,0.290,-5.430,0.065,95.004,,Rock
452,47.0,,0.682,2.411e+05,,0.000e+00,0.180,-9.690,0.335,170.049,0.366,Rap
453,50.0,1.930e-02,0.407,2.056e+05,0.821,2.060e-06,0.360,-4.987,0.066,99.814,0.610,Rock
454,27.0,5.890e-02,0.544,2.325e+05,0.484,2.920e-06,0.256,-7.111,0.025,144.872,0.519,Blues
455,32.0,4.650e-03,0.638,2.224e+05,0.587,9.090e-01,0.157,-6.266,0.041,145.036,0.323,Electronic
456,61.0,6.690e-03,0.600,2.565e+05,0.614,0.000e+00,0.166,-4.688,0.088,121.965,0.341,Rock
457,82.0,2.100e-03,0.592,3.297e+05,0.767,1.650e-03,0.127,-2.788,0.027,96.483,0.328,Rock
458,68.0,,0.635,2.174e+05,,0.000e+00,0.097,-4.862,0.258,82.142,0.638,Hip-Hop
459,59.0,1.440e-01,0.613,2.855e+05,0.531,3.740e-06,0.801,-9.172,,152.023,0.338,Rock
460,19.0,2.420e-03,0.396,2.816e+05,0.986,2.140e-05,0.338,-4.843,0.230,169.976,0.143,Anime
461,47.0,9.750e-01,0.360,-1.000e+00,0.366,2.290e-03,0.375,-11.636,0.068,80.491,0.386,Classical
462,46.0,8.900e-01,0.420,2.133e+05,0.426,0.000e+00,0.919,-8.648,0.027,120.406,0.489,Country
463,60.0,8.960e-01,0.726,2.145e+05,0.177,2.140e-06,0.116,-14.824,0.035,92.934,0.618,Rock
464,49.0,5.530e-01,0.681,,0.447,,0.122,-8.830,0.048,99.418,0.746,Rock
465,46.0,7.600e-04,0.505,2.234e+05,0.755,7.250e-02,0.348,-7.568,0.032,157.993,0.532,Electronic
466,61.0,1.590e-01,0.674,2.174e+05,0.705,6.110e-06,0.106,-7.516,0.026,95.990,0.635,Rock
467,,5.950e-01,0.503,,0.772,,,-6.205,0.032,,0.935,Rock
468,30.0,2.230e-01,0.637,2.246e+05,0.831,4.020e-01,0.114,-6.372,0.030,90.008,0.533,Jazz
469,8.0,9.540e-01,,1.617e+06,0.123,7.400e-01,0.711,-17.919,0.040,56.855,,Classical
470,74.0,1.760e-01,0.714,2.222e+05,0.735,6.220e-04,0.115,-7.125,0.031,123.570,0.680,Rock
471,64.0,3.470e-01,0.669,2.755e+05,0.707,7.160e-04,0.100,-13.660,0.048,124.335,0.806,Rock
472,,8.880e-01,,,0.471,,0.103,-10.544,0.037,146.322,,Classical
473,59.0,7.580e-03,0.640,2.270e+05,0.469,4.530e-04,0.071,-8.718,0.041,90.001,0.305,Rock
474,38.0,1.930e-01,0.612,3.941e+05,0.481,1.190e-04,0.108,-7.158,0.029,90.033,0.467,Jazz
475,53.0,9.030e-01,0.637,2.142e+05,0.129,0.000e+00,0.107,-11.890,0.041,139.742,0.368,Rock
476,,6.150e-01,,,0.272,,,-10.575,0.044,,,Rock
477,69.0,6.440e-01,0.561,2.673e+05,0.337,8.790e-05,0.670,-9.272,0.028,109.373,0.273,Rock
478,32.0,7.650e-01,0.696,,0.617,,,-7.973,0.030,,0.470,Jazz
479,55.0,1.310e-01,0.567,2.908e+05,0.569,1.100e-02,0.071,-11.963,0.034,109.293,0.750,Rock
480,53.0,3.440e-02,0.479,2.453e+05,0.718,0.000e+00,0.282,-4.271,0.037,149.576,0.398,Rock
481,71.0,,0.787,1.757e+05,,0.000e+00,0.102,-7.676,0.069,120.406,0.210,Hip-Hop
482,41.0,5.780e-01,0.611,,0.425,,0.060,-11.332,0.047,120.150,0.654,Jazz
483,55.0,2.450e-01,0.667,2.737e+05,0.647,2.970e-04,0.063,-7.787,0.049,143.995,0.300,Rock
484,21.0,2.660e-04,,-1.000e+00,0.949,3.720e-05,0.336,-4.046,0.051,150.003,,Anime
485,53.0,5.910e-03,,-1.000e+00,0.812,4.940e-04,0.408,-6.398,,146.200,,Rock
486,52.0,3.470e-04,,2.721e+05,0.828,1.440e-01,0.128,-5.453,,81.861,,Rock
487,44.0,3.540e-04,0.272,2.044e+05,0.908,3.620e-02,0.180,-7.928,0.103,160.913,0.380,Alternative
488,32.0,9.040e-01,0.393,3.865e+05,0.129,5.870e-01,0.100,-23.347,0.039,120.123,0.645,Classical
489,59.0,,0.624,1.998e+05,,1.700e-04,0.110,-6.658,0.032,91.973,0.367,Rock
490,51.0,1.840e-01,0.754,2.089e+05,0.801,0.000e+00,0.132,-5.992,0.350,120.406,0.391,Jazz
491,55.0,6.580e-02,,2.532e+05,0.589,5.340e-05,0.086,-8.249,0.032,115.283,,Rock
492,39.0,3.780e-01,0.927,1.952e+05,0.418,2.430e-06,0.117,-5.181,0.045,101.032,0.921,Jazz
493,36.0,2.890e-01,0.554,2.996e+05,0.811,0.000e+00,0.363,-4.481,0.046,160.170,0.737,Anime
494,61.0,6.950e-03,0.793,2.256e+05,0.554,0.000e+00,0.127,-6.624,0.045,119.993,0.225,Rap
495,64.0,5.370e-02,0.628,2.017e+05,0.845,0.000e+00,0.378,,0.040,115.999,0.801,Rock
496,34.0,2.110e-01,0.599,2.106e+05,0.790,6.740e-06,0.326,-7.155,0.029,91.029,0.718,Country
497,56.0,,,2.545e+05,,0.000e+00,0.065,-4.109,0.043,81.962,,Rock
498,37.0,9.950e-01,0.450,8.571e+04,0.003,9.260e-01,0.057,-38.718,0.053,62.440,0.090,Classical
499,54.0,1.790e-04,,3.963e+05,0.613,1.510e-01,0.178,-9.444,0.034,85.693,,Rock
500,54.0,2.320e-01,0.499,3.359e+05,0.816,0.000e+00,0.105,-3.913,0.036,82.017,0.275,Alternative
501,61.0,2.100e-01,0.494,1.803e+05,0.470,0.000e+00,0.280,-9.599,0.030,103.477,0.698,Rock
502,55.0,8.300e-01,0.387,-1.000e+00,0.194,1.450e-03,0.131,-10.829,0.031,121.700,0.086,Rock
503,58.0,4.900e-02,0.477,,0.672,,0.355,,0.031,139.864,0.263,Rock
504,48.0,1.690e-02,,4.007e+05,0.752,2.140e-02,0.117,-5.002,0.039,111.105,,Alternative
505,60.0,1.040e-05,0.545,2.095e+05,0.836,1.290e-04,0.413,-4.029,0.028,105.925,0.449,Rock
506,79.0,,,1.801e+05,,7.070e-06,0.071,-9.443,0.039,118.068,,Rock
507,60.0,1.410e-02,0.441,2.708e+05,0.563,3.690e-06,0.101,-7.274,0.025,85.711,0.209,Rock
508,51.0,4.880e-04,,1.879e+05,0.879,1.190e-06,0.140,-3.329,0.039,86.986,,Rock
509,46.0,7.100e-01,0.623,3.840e+05,0.328,3.440e-01,0.105,-12.949,0.038,74.668,0.696,Jazz
510,61.0,8.510e-03,0.703,2.478e+05,0.785,4.790e-02,0.178,-7.633,0.046,105.857,0.592,Rock
511,49.0,,0.420,2.811e+05,,1.460e-04,0.139,-5.565,0.031,165.983,0.206,Country
512,62.0,9.060e-03,0.508,2.250e+05,0.991,1.280e-05,0.316,-1.768,0.123,95.524,0.295,Rock
513,57.0,6.210e-01,0.657,2.140e+05,0.490,8.100e-01,0.106,-12.270,,120.406,0.530,Rock
514,66.0,2.380e-02,0.630,1.892e+05,0.908,5.920e-01,0.116,-2.420,0.033,120.522,0.968,Rock
515,60.0,,0.645,2.172e+05,,0.000e+00,0.374,-5.883,0.033,100.026,0.461,Rock
516,32.0,7.830e-01,,2.076e+05,0.549,2.860e-02,0.093,-8.012,0.077,148.118,,Electronic
517,54.0,2.670e-01,0.467,3.037e+05,0.561,3.020e-06,0.132,-6.787,0.026,81.303,0.493,Rock
518,12.0,1.090e-04,0.248,1.058e+05,0.918,7.850e-01,0.244,-5.005,0.107,120.406,0.340,Anime
519,75.0,3.640e-02,0.454,,0.660,,0.181,-4.357,0.168,184.353,0.568,Rock
520,56.0,2.980e-01,0.632,1.800e+05,0.742,0.000e+00,0.433,-7.041,0.085,160.037,0.657,Rap
521,53.0,2.420e-04,,1.855e+05,0.750,1.190e-02,0.271,-6.619,0.103,165.036,,Rock
522,69.0,1.560e-02,,,0.924,,,-3.398,0.028,,,Rock
523,42.0,5.860e-02,0.809,1.605e+05,0.270,9.010e-01,0.257,-13.723,0.078,80.009,0.108,Electronic
524,53.0,1.740e-01,0.676,,0.379,,,-19.420,0.031,,0.818,Rock
525,28.0,9.350e-01,0.294,3.703e+04,0.349,5.810e-01,0.158,-17.519,0.048,155.418,0.030,Anime
526,,,0.613,,,,,-13.443,0.060,,0.710,Blues
527,26.0,1.680e-01,0.291,5.416e+05,0.937,4.700e-01,0.860,-7.032,,153.324,0.427,Blues
528,56.0,,0.647,2.192e+05,,0.000e+00,0.139,-4.388,0.036,161.416,0.598,Rock
529,66.0,,0.589,2.128e+05,,0.000e+00,0.076,-3.925,0.063,81.945,0.562,Rock
530,16.0,8.830e-03,0.438,2.991e+05,0.979,2.560e-01,0.169,-6.269,0.408,152.978,0.126,Anime
531,51.0,7.420e-01,0.603,2.341e+05,0.360,0.000e+00,0.233,,0.031,122.021,0.347,Country
532,69.0,4.560e-04,,2.274e+05,0.920,2.600e-03,0.110,-4.852,0.058,93.162,,Rock
533,28.0,2.530e-01,,3.107e+05,0.707,8.400e-04,0.212,-4.844,0.026,180.030,,Anime
534,58.0,1.950e-01,0.475,,0.757,,0.370,-7.307,0.357,120.406,0.071,Hip-Hop
535,33.0,9.780e-01,,2.081e+05,0.087,8.600e-01,0.407,-22.613,0.053,79.847,,Classical
536,51.0,9.250e-03,0.600,2.013e+05,0.900,2.930e-01,0.269,-8.434,0.046,120.406,0.918,Rock
537,,1.550e-01,0.491,,0.523,,,-9.417,0.592,,0.243,Rap
538,50.0,,0.314,2.414e+05,,2.690e-02,0.564,-8.365,0.035,145.047,0.348,Rock
539,23.0,1.460e-01,0.720,2.289e+05,0.425,1.080e-01,0.785,-14.148,0.710,129.929,0.548,Electronic
540,64.0,2.790e-01,0.723,2.982e+05,0.691,0.000e+00,0.036,-6.784,0.219,138.038,0.512,Hip-Hop
541,36.0,,0.520,5.759e+05,,7.790e-01,0.094,-8.389,0.028,90.011,0.169,Electronic
542,61.0,1.740e-03,0.564,2.573e+05,0.941,6.420e-05,0.242,-4.787,0.051,112.008,0.542,Rock
543,57.0,8.370e-02,0.498,1.755e+05,0.639,4.610e-05,0.194,-6.040,0.033,120.406,0.180,Rock
544,59.0,1.850e-02,0.656,2.490e+05,0.721,0.000e+00,0.048,-5.675,,93.947,0.472,Rock
545,64.0,1.250e-02,0.522,2.460e+05,0.923,1.700e-02,0.085,-4.560,0.054,120.406,0.595,Rock
546,63.0,,0.541,1.978e+05,,2.040e-06,0.097,-5.964,0.061,156.015,0.627,Rock
547,50.0,,0.749,-1.000e+00,,1.380e-04,0.097,-12.847,0.038,132.153,0.308,Rock
548,57.0,9.130e-01,0.356,1.791e+05,0.260,2.100e-06,0.105,-10.577,0.031,144.184,0.490,Rock
549,71.0,2.720e-02,,1.686e+05,0.939,0.000e+00,0.240,-1.352,,105.092,,Rock
550,56.0,,,3.501e+05,,9.340e-01,0.109,-31.231,0.036,67.144,,Classical
551,64.0,9.140e-01,0.567,1.579e+05,0.159,0.000e+00,0.111,-13.648,0.033,146.913,0.436,Blues
552,51.0,3.080e-01,,1.984e+05,0.627,0.000e+00,0.159,-5.657,0.047,149.756,,Electronic
553,70.0,3.540e-02,0.526,1.938e+05,0.801,3.170e-06,0.064,-3.717,0.039,172.024,0.769,Rock
554,58.0,1.070e-02,,2.013e+05,0.750,0.000e+00,0.106,-3.530,0.029,159.824,,Rock
555,60.0,,0.634,2.370e+05,,5.290e-06,0.060,-5.058,0.352,94.000,0.929,Rap
556,25.0,3.980e-03,0.568,3.739e+05,0.587,7.400e-01,0.684,-11.238,0.033,128.008,0.038,Electronic
557,70.0,5.680e-03,0.441,-1.000e+00,0.762,3.310e-05,0.086,-3.857,0.044,167.964,0.743,Rock
558,62.0,4.480e-01,0.504,-1.000e+00,0.501,0.000e+00,0.190,-11.899,0.038,94.961,0.731,Rock
559,63.0,1.620e-02,0.715,-1.000e+00,0.656,5.010e-04,0.088,-6.154,0.026,126.010,0.423,Rock
560,58.0,5.150e-01,0.471,2.848e+05,0.357,3.630e-03,0.114,-11.333,0.028,138.255,0.278,
561,65.0,,0.600,2.174e+05,,2.200e-03,0.249,-17.085,0.037,110.535,0.468,Rock
562,59.0,2.860e-03,,2.506e+05,0.557,0.000e+00,0.209,-4.470,0.029,145.861,,Rock
563,51.0,4.250e-01,0.436,1.547e+05,0.655,0.000e+00,0.393,-8.153,0.159,139.712,0.523,Alternative
564,59.0,3.120e-02,0.473,3.123e+05,0.691,4.040e-03,0.147,-7.984,0.025,120.406,0.421,Rock
565,50.0,5.710e-04,0.183,-1.000e+00,0.984,1.840e-05,0.288,-2.654,0.186,182.410,0.360,Alternative
566,54.0,2.190e-02,,2.184e+05,0.812,1.060e-03,0.102,-12.062,0.032,135.680,,Rock
567,55.0,1.600e-01,0.525,2.573e+05,0.501,2.500e-02,0.146,-14.192,0.032,108.291,0.333,Rock
568,68.0,,0.458,3.425e+05,,0.000e+00,0.574,,0.026,72.484,0.363,Rock
569,26.0,,0.348,3.134e+05,,1.180e-03,0.948,-8.054,0.034,120.406,0.482,Blues
570,52.0,3.860e-01,,2.568e+05,0.551,1.150e-03,0.223,-8.984,0.039,93.979,,Rock
571,51.0,3.780e-02,0.549,1.770e+05,0.888,7.220e-06,0.156,-3.680,0.029,104.976,0.386,Alternative
572,58.0,1.180e-01,0.663,-1.000e+00,0.480,3.870e-04,0.165,-9.267,0.025,95.912,0.218,Rock
573,74.0,7.640e-02,0.686,2.005e+05,0.783,0.000e+00,0.163,-4.977,0.119,120.406,0.814,Rock
574,24.0,,0.606,1.866e+05,,9.040e-06,0.506,-4.194,0.027,130.006,0.691,Rock
575,60.0,3.400e-02,,2.160e+05,0.933,2.070e-05,0.330,-4.874,,169.842,,Rock
576,64.0,2.720e-03,0.235,2.273e+05,0.860,9.690e-02,0.388,-2.842,,127.788,0.342,Rock
577,0.0,9.560e-01,0.332,1.941e+05,0.188,9.290e-01,0.137,-20.450,0.045,136.270,0.055,Classical
578,68.0,2.100e-02,0.424,2.545e+05,0.632,1.170e-02,0.054,-7.243,0.092,97.694,0.356,Rock
579,36.0,4.810e-01,0.718,2.855e+05,0.548,8.570e-01,0.089,-11.204,0.032,109.960,0.629,Jazz
580,49.0,2.580e-05,0.475,1.774e+05,0.753,9.680e-02,0.212,-5.058,0.214,162.920,0.672,Alternative
581,55.0,1.520e-01,0.555,-1.000e+00,0.726,1.780e-04,0.148,-8.939,0.037,107.719,0.505,Rock
582,53.0,7.750e-01,0.435,-1.000e+00,0.384,9.200e-01,0.119,-14.024,0.029,159.092,0.171,Rock
583,33.0,1.660e-03,0.495,-1.000e+00,0.534,1.170e-04,0.089,-7.347,0.025,92.997,0.182,Country
584,59.0,,0.471,2.671e+05,,0.000e+00,0.101,-10.879,0.032,125.242,0.170,Rock
585,32.0,7.920e-02,0.364,4.319e+05,0.752,1.570e-05,0.097,-5.623,0.100,173.715,0.636,Blues
586,26.0,3.790e-01,0.570,2.824e+05,0.949,3.510e-01,0.093,-3.529,0.118,120.406,0.807,Blues
587,38.0,1.370e-01,0.494,2.052e+05,0.357,6.670e-01,0.131,-17.063,0.034,120.406,0.292,Jazz
588,34.0,4.410e-01,,1.573e+05,0.728,3.330e-05,0.351,-9.140,0.098,78.205,,Jazz
589,52.0,3.140e-02,0.725,2.019e+05,0.550,0.000e+00,0.089,-6.588,0.044,76.011,0.785,Country
590,65.0,5.270e-01,0.773,2.646e+05,0.794,3.540e-04,0.113,-4.954,0.033,101.143,0.907,Rock
591,58.0,8.800e-01,0.309,2.410e+05,0.179,3.460e-04,0.117,-17.077,0.034,121.498,0.167,Rock
592,45.0,9.350e-01,0.548,2.508e+05,0.115,8.070e-02,0.160,-18.408,0.034,107.799,0.150,Jazz
593,63.0,,0.559,2.139e+05,,5.240e-03,0.096,-5.338,0.039,104.976,0.573,Rock
594,70.0,5.690e-03,0.724,1.637e+05,0.591,2.490e-02,0.083,-5.696,0.068,107.944,0.633,Rock
595,38.0,3.280e-01,0.444,3.370e+05,0.540,1.270e-02,0.080,-11.003,0.216,120.406,0.287,Jazz
596,34.0,9.810e-01,,2.745e+05,0.053,9.690e-01,0.071,-26.037,0.040,120.406,,Classical
597,30.0,,0.813,2.450e+05,,8.870e-01,0.047,-7.177,0.037,120.406,0.877,Jazz
598,54.0,5.170e-01,0.589,2.179e+05,0.616,9.330e-06,0.123,-3.401,0.099,83.937,0.305,Hip-Hop
599,57.0,1.420e-01,0.405,3.382e+05,0.756,4.030e-05,0.638,-6.361,0.031,120.406,0.606,Rock
600,,1.710e-01,0.348,,0.870,,,-5.860,0.137,,0.763,Country
601,75.0,,0.526,1.952e+05,,5.970e-02,0.229,-6.003,0.090,90.052,0.528,Rock
602,35.0,9.950e-01,0.387,3.638e+05,0.035,8.930e-01,0.073,-32.142,0.048,96.860,0.150,Classical
603,60.0,,0.511,2.524e+05,,2.010e-03,0.135,-4.243,0.075,147.999,0.557,Rock
604,67.0,2.660e-01,0.328,1.806e+05,0.619,1.950e-06,0.178,-7.136,0.282,67.153,0.405,Rap
605,30.0,9.730e-01,0.430,5.337e+05,0.083,6.090e-01,0.214,-22.039,0.047,125.093,0.459,Classical
606,51.0,6.140e-04,0.411,3.226e+05,0.768,8.590e-03,0.134,-4.210,,134.408,0.672,Alternative
607,52.0,5.160e-01,0.813,-1.000e+00,0.757,0.000e+00,0.363,-5.358,0.356,92.996,0.646,Hip-Hop
608,61.0,8.360e-01,0.330,1.870e+05,0.214,7.010e-02,0.178,-17.699,0.031,147.795,0.275,Rock
609,65.0,3.180e-03,0.559,1.908e+05,0.931,1.240e-05,0.062,-5.863,0.072,90.911,0.644,Rock
610,52.0,1.170e-02,,4.139e+05,0.991,3.920e-03,0.339,-6.725,0.256,152.596,,Electronic
611,54.0,4.540e-01,0.385,1.303e+05,0.791,0.000e+00,0.075,-2.647,0.095,194.638,0.764,Rock
612,61.0,8.240e-02,0.571,2.262e+05,0.698,3.700e-03,0.279,-5.056,0.035,120.406,0.610,Rock
613,13.0,8.120e-01,0.615,1.091e+05,0.229,9.530e-01,0.165,-18.944,0.047,184.591,0.086,Anime
614,35.0,4.370e-01,0.620,1.840e+05,0.611,2.880e-02,0.118,-10.708,0.028,93.119,0.689,Blues
615,65.0,1.950e-01,0.606,1.726e+05,0.805,8.810e-06,0.109,-5.399,0.214,120.406,0.725,Rock
616,60.0,,0.346,1.882e+05,,2.030e-05,0.263,-4.919,,186.836,0.297,Rock
617,61.0,,0.529,,,,0.205,-5.513,0.048,93.977,0.690,Rock
618,38.0,4.160e-04,0.694,1.280e+05,0.917,4.220e-01,0.515,-3.181,0.219,150.010,0.526,Electronic
619,35.0,7.210e-03,0.551,6.680e+05,0.531,8.680e-04,0.135,-9.054,0.050,82.360,0.546,Blues
620,51.0,2.000e-01,0.427,2.407e+05,0.883,0.000e+00,0.105,-1.936,0.102,159.910,0.724,Country
621,43.0,3.540e-02,0.794,3.734e+05,0.625,8.710e-01,0.065,-8.396,0.055,113.996,0.187,Electronic
622,61.0,1.480e-01,,4.623e+05,0.788,6.250e-01,0.098,-5.611,0.043,142.584,,Rock
623,62.0,4.560e-04,0.519,1.907e+05,0.892,5.250e-04,0.572,,0.113,174.027,0.559,Rock
624,60.0,7.980e-03,,1.860e+05,0.843,3.100e-05,0.112,-4.238,,91.979,,Rock
625,73.0,2.320e-01,0.848,1.819e+05,0.649,0.000e+00,0.101,-6.083,0.315,118.040,0.629,Hip-Hop
626,56.0,6.010e-02,0.559,2.587e+05,0.343,1.380e-01,0.100,-13.072,0.042,120.406,0.183,Rock
627,56.0,6.510e-01,,,0.370,,,-16.651,0.035,,,Country
628,57.0,1.800e-04,0.448,,0.927,,,-3.244,0.061,,0.687,Rock
629,61.0,7.250e-02,0.641,-1.000e+00,0.792,5.130e-01,0.175,-6.453,0.027,87.069,0.670,Rock
630,,9.590e-01,0.067,,0.034,,,-26.563,0.047,,0.038,Classical
631,65.0,,0.531,2.161e+05,,0.000e+00,0.072,-4.950,0.035,124.578,0.424,Rock
632,65.0,,0.829,-1.000e+00,,1.480e-03,0.171,-4.329,0.097,130.040,0.762,Rock
633,36.0,,,4.606e+05,,9.750e-01,0.108,-20.820,0.039,120.406,,Jazz
634,65.0,,0.506,,,,,-6.110,0.110,,0.549,Rock
635,,7.630e-01,,,0.459,,,-10.446,0.030,,,Rock
636,68.0,8.300e-02,,-1.000e+00,0.824,0.000e+00,0.210,-4.039,0.052,161.981,,Rock
637,66.0,,,1.903e+05,,0.000e+00,0.111,-3.347,0.039,92.967,,Rock
638,30.0,8.060e-01,,3.063e+05,0.670,9.130e-01,0.121,-9.736,0.030,95.109,,Jazz
639,34.0,4.770e-03,0.758,,0.479,,0.107,-6.791,0.087,92.003,0.652,Jazz
640,50.0,7.220e-02,,,0.901,,0.140,-6.311,0.038,93.980,,Rock
641,50.0,1.010e-01,0.530,2.316e+05,0.504,6.330e-04,0.106,-6.710,0.025,120.406,0.560,Country
642,57.0,9.680e-01,0.573,1.158e+05,0.235,1.980e-02,0.105,-16.982,0.043,79.578,0.834,Rock
643,55.0,,0.409,2.584e+05,,1.180e-01,0.116,,0.085,166.001,0.473,Rock
644,26.0,7.700e-01,0.810,1.531e+05,0.524,1.030e-05,0.161,-9.770,0.034,130.214,0.949,Blues
645,42.0,2.390e-01,0.669,2.178e+05,0.736,1.690e-04,0.598,-3.223,0.060,145.061,0.494,Electronic
646,54.0,2.570e-01,0.690,3.296e+05,0.877,0.000e+00,0.140,-4.074,0.264,92.165,0.779,Hip-Hop
647,36.0,9.370e-01,0.087,-1.000e+00,0.017,7.730e-01,0.108,-32.245,0.048,85.068,0.050,Classical
648,59.0,2.140e-01,0.599,2.396e+05,0.869,1.290e-01,0.108,-4.874,0.028,90.088,0.637,Rock
649,79.0,1.490e-02,0.921,1.913e+05,0.467,2.380e-04,0.334,-8.443,0.119,135.995,0.287,Rap
650,60.0,7.580e-01,0.350,-1.000e+00,0.293,8.210e-06,0.104,,,96.685,0.162,Rock
651,62.0,7.110e-02,0.753,1.931e+05,0.594,0.000e+00,0.391,-9.486,0.082,112.568,0.562,Rap
652,55.0,,0.547,2.439e+05,,6.590e-04,0.312,-3.839,0.045,114.053,0.532,Rock
653,55.0,,0.622,,,,0.095,-7.971,0.027,90.082,0.496,Country
654,42.0,4.580e-01,0.368,-1.000e+00,0.395,3.660e-05,0.140,-14.067,0.030,101.564,0.466,Blues
655,51.0,2.730e-04,0.616,-1.000e+00,0.985,1.450e-04,0.111,-1.598,0.083,109.979,0.487,Rock
656,61.0,4.980e-01,0.523,2.415e+05,0.366,0.000e+00,0.094,-14.069,0.033,142.814,0.291,Rock
657,56.0,6.320e-02,0.705,2.419e+05,0.750,0.000e+00,0.146,-4.558,0.052,77.817,0.392,Rap
658,,5.170e-01,0.668,,0.477,,,-8.709,0.036,,0.097,Rock
659,52.0,1.780e-02,0.878,2.517e+05,0.651,0.000e+00,0.041,-8.074,,92.028,0.102,Rap
660,46.0,8.660e-01,0.470,3.205e+05,0.220,1.070e-06,0.113,-11.727,0.043,156.109,0.349,Alternative
661,77.0,1.670e-01,0.491,1.892e+05,0.867,0.000e+00,0.458,-2.313,0.103,167.965,0.602,Rock
662,64.0,,0.390,3.305e+05,,0.000e+00,0.379,,0.068,177.515,0.584,Rock
663,64.0,2.170e-02,0.858,2.476e+05,0.760,0.000e+00,0.322,-7.895,0.254,93.082,0.951,Hip-Hop
664,53.0,2.770e-03,0.612,,0.666,,,-5.866,0.032,,0.353,Rock
665,51.0,1.470e-01,0.440,2.011e+05,0.649,0.000e+00,0.105,-8.465,0.092,187.783,0.405,Rock
666,70.0,5.570e-02,0.678,2.134e+05,0.760,0.000e+00,0.359,-5.546,0.221,96.044,0.240,Rap
667,56.0,2.380e-02,,3.135e+05,0.694,0.000e+00,0.034,-5.184,,96.458,,Rock
668,56.0,9.200e-01,,2.608e+05,0.289,1.100e-04,0.124,-9.830,0.027,108.098,,Rock
669,55.0,2.380e-01,0.593,2.045e+05,0.410,5.870e-01,0.117,-9.722,0.024,120.406,0.270,Rock
670,54.0,5.930e-02,0.608,,0.863,,0.228,-4.870,,150.029,0.476,Rap
671,33.0,3.770e-01,0.519,-1.000e+00,0.374,0.000e+00,0.077,,0.027,111.336,0.422,Blues
672,,,0.426,,,,0.095,-5.828,0.040,88.088,0.219,Rock
673,61.0,5.040e-01,0.461,1.689e+05,0.714,1.710e-02,0.684,-9.159,0.313,94.372,0.454,Rock
674,62.0,,0.564,1.681e+05,,1.150e-05,0.168,-6.578,0.044,79.990,0.320,Rock
675,55.0,3.240e-01,0.705,1.913e+05,0.813,0.000e+00,0.347,-4.522,0.116,120.406,0.843,Rock
676,46.0,2.810e-01,,,0.724,,,-5.142,0.089,,,Electronic
677,49.0,,,,,,,-8.624,0.039,,,Country
678,42.0,1.280e-04,0.442,2.905e+05,0.793,3.050e-04,0.227,-5.465,0.029,149.958,0.313,Alternative
679,47.0,1.350e-02,0.162,3.693e+05,0.517,2.460e-01,0.116,-8.214,0.063,173.743,0.109,Blues
680,54.0,3.140e-04,0.503,1.772e+05,0.741,5.740e-01,0.440,-5.672,0.036,120.998,0.544,Rock
681,80.0,3.810e-01,0.642,1.951e+05,0.782,0.000e+00,0.108,-3.395,0.048,162.005,0.396,Hip-Hop
682,59.0,3.100e-01,0.476,2.831e+05,0.331,2.820e-06,0.172,-14.884,0.030,130.574,0.240,Rock
683,62.0,1.820e-02,0.378,3.395e+05,0.596,1.140e-05,0.144,-5.406,0.032,135.968,0.172,Rock
684,65.0,4.920e-01,0.761,1.894e+05,0.592,6.260e-03,0.610,-9.836,0.059,123.095,0.332,Rock
685,,8.190e-01,0.640,,0.196,,0.098,-11.478,0.027,143.919,0.301,Rock
686,67.0,2.380e-03,0.236,3.544e+05,0.840,2.040e-01,0.303,-3.454,0.057,129.190,0.189,Rock
687,44.0,,0.674,2.469e+05,,0.000e+00,0.289,-6.457,0.061,143.948,0.371,Country
688,41.0,9.760e-03,,-1.000e+00,0.788,3.950e-01,0.290,-7.772,0.029,126.355,,Electronic
689,52.0,3.720e-03,0.326,2.105e+05,0.935,7.550e-06,0.302,-5.690,0.070,135.762,0.170,Alternative
690,59.0,1.220e-01,,2.189e+05,0.601,5.690e-06,0.181,-5.996,0.029,120.406,,Rock
691,,3.680e-02,,,0.741,,0.402,-3.821,0.030,75.012,,Rock
692,52.0,7.080e-02,0.458,2.083e+05,0.751,1.050e-02,0.169,-4.681,0.032,140.895,0.387,Rock
693,71.0,4.140e-02,0.686,2.896e+05,0.428,0.000e+00,0.138,-13.072,0.192,141.950,0.329,Hip-Hop
694,60.0,5.820e-01,0.421,1.871e+05,0.407,7.750e-01,0.117,-10.732,0.078,80.748,0.238,Alternative
695,49.0,5.910e-03,,1.932e+05,0.837,2.830e-05,0.064,,0.072,131.668,,Rock
696,56.0,3.750e-01,0.677,2.550e+05,0.403,2.690e-04,0.059,-9.457,0.029,120.406,0.568,Rock
697,58.0,6.690e-01,,1.429e+05,0.363,0.000e+00,0.117,-12.484,0.034,123.263,,Rock
698,16.0,2.460e-02,0.545,2.251e+05,0.917,0.000e+00,0.307,-2.839,0.035,132.930,0.651,Anime
699,50.0,,0.419,2.710e+05,,0.000e+00,0.097,-5.659,0.032,143.968,0.242,Alternative
700,,,0.437,,,,,-11.439,0.033,,0.078,
701,67.0,9.320e-04,0.513,2.589e+05,0.877,1.630e-04,0.136,-3.756,0.029,145.919,0.389,Rock
702,56.0,2.450e-01,0.876,1.273e+05,0.807,0.000e+00,0.125,-4.466,0.180,135.754,0.691,Hip-Hop
703,25.0,1.610e-02,0.815,1.496e+05,0.666,5.520e-01,0.074,-5.995,0.227,120.406,0.483,Electronic
704,73.0,,0.413,-1.000e+00,,0.000e+00,0.079,-5.120,0.255,120.406,0.085,Hip-Hop
705,54.0,2.630e-02,0.314,3.096e+05,0.959,1.480e-04,0.161,-4.657,0.091,154.221,0.492,Rock
706,53.0,3.580e-03,0.765,4.605e+05,0.397,7.150e-01,0.117,-10.538,,123.890,0.150,Rock
707,45.0,6.630e-01,0.665,2.980e+05,0.634,9.770e-05,0.127,,0.210,93.050,0.430,Jazz
708,58.0,3.180e-01,0.492,3.569e+05,0.928,1.070e-01,0.087,-2.261,0.050,127.995,0.312,Rock
709,48.0,4.950e-01,0.950,1.902e+05,0.343,0.000e+00,0.081,-9.418,0.508,124.051,0.564,Hip-Hop
710,53.0,1.640e-01,0.552,2.957e+05,0.802,1.140e-03,0.130,-7.479,0.040,152.807,0.631,Rock
711,46.0,4.800e-01,0.809,2.033e+05,0.523,0.000e+00,0.277,-6.335,0.206,133.921,0.827,Hip-Hop
712,59.0,7.040e-01,0.178,-1.000e+00,0.981,7.450e-05,0.854,-1.743,0.162,88.210,0.369,Alternative
713,59.0,8.870e-02,0.691,2.724e+05,0.740,0.000e+00,0.149,-5.884,0.298,78.025,0.410,Rap
714,67.0,1.750e-01,0.386,3.631e+05,0.562,9.170e-06,0.209,-4.363,0.030,72.945,0.228,Rock
715,50.0,1.880e-01,0.766,2.612e+05,0.526,0.000e+00,0.074,-6.228,0.233,136.105,0.568,Rap
716,21.0,9.330e-01,0.160,5.122e+05,0.074,7.610e-01,0.079,-22.592,0.041,120.406,0.076,Classical
717,47.0,3.240e-01,0.644,8.578e+04,0.722,8.920e-01,0.089,-4.872,0.079,89.519,0.769,Jazz
718,,5.470e-01,0.562,,0.394,,0.383,-9.536,,76.277,0.292,Hip-Hop
719,27.0,1.820e-02,0.350,1.848e+05,0.658,3.790e-06,0.073,-6.553,0.057,156.295,0.593,Blues
720,50.0,1.330e-02,0.444,2.474e+05,0.609,0.000e+00,0.064,-11.190,0.037,124.005,0.780,Rock
721,54.0,5.030e-01,0.220,4.194e+05,0.440,8.620e-01,0.120,-9.456,0.035,79.095,0.130,Rock
722,50.0,1.500e-05,0.543,2.190e+05,0.866,2.980e-02,0.320,-4.812,0.040,137.946,0.321,Rock
723,53.0,3.880e-03,0.615,2.803e+05,0.889,0.000e+00,0.095,-2.539,0.037,131.960,0.659,Rock
724,43.0,1.530e-03,0.196,3.317e+05,0.737,7.450e-01,0.086,-8.961,0.073,96.138,0.090,Anime
725,26.0,4.880e-01,0.522,3.225e+05,0.324,7.240e-01,0.551,,0.041,115.836,0.395,Blues
726,56.0,3.800e-02,0.364,2.606e+05,0.460,1.310e-03,0.535,-8.298,0.043,93.129,0.068,Rock
727,66.0,8.740e-02,0.525,2.523e+05,0.741,1.470e-01,0.117,-5.643,0.031,117.031,0.179,Rock
728,23.0,1.360e-04,0.475,2.716e+05,0.822,0.000e+00,0.106,,0.068,134.776,0.279,Anime
729,30.0,7.260e-01,0.377,,0.111,,0.109,-17.324,0.059,96.688,0.137,Classical
730,61.0,5.340e-02,0.462,-1.000e+00,0.628,2.500e-04,0.120,-5.659,0.027,140.049,0.098,Rock
731,33.0,8.400e-01,,4.221e+05,0.007,8.440e-02,0.068,-37.783,0.046,79.046,,Classical
732,66.0,4.450e-01,0.661,1.804e+05,0.785,2.660e-04,0.085,-5.623,0.037,91.975,0.371,Rock
733,48.0,1.310e-01,0.886,2.560e+05,0.503,6.920e-04,0.104,-7.189,0.044,120.406,0.550,Hip-Hop
734,71.0,7.710e-02,0.712,2.877e+05,0.967,0.000e+00,0.356,-5.206,,145.024,0.895,Rock
735,60.0,,0.407,3.492e+05,,0.000e+00,0.234,-10.583,0.032,113.311,0.404,Rock
736,50.0,1.250e-02,0.264,2.876e+05,0.875,2.400e-01,0.092,-3.371,0.054,120.406,0.232,Rock
737,38.0,1.020e-03,0.467,2.290e+05,0.973,3.570e-02,0.053,-1.236,0.143,93.153,0.445,Anime
738,,,,,,,,,,,,Jazz
739,71.0,3.140e-02,0.559,2.059e+05,0.882,1.710e-05,0.605,-4.281,0.157,126.064,0.634,Rock
740,60.0,,0.803,,,,0.079,-6.457,0.036,115.017,0.933,Rock
741,42.0,9.030e-01,0.449,,0.174,,,-12.560,0.029,,0.288,Country
742,67.0,3.380e-01,0.633,-1.000e+00,0.559,0.000e+00,0.262,-5.135,0.313,114.983,0.473,Rock
743,57.0,2.180e-02,,2.580e+05,0.508,0.000e+00,0.237,-14.339,0.040,120.406,,Rock
744,55.0,,,1.859e+05,,8.020e-02,0.396,-5.411,0.028,88.062,,Rock
745,33.0,1.250e-01,0.726,3.342e+05,0.497,8.900e-01,0.104,-10.742,0.043,125.004,0.459,Electronic
746,42.0,,,3.702e+05,,7.110e-01,0.119,-8.081,,102.000,,Jazz
747,62.0,9.850e-01,0.657,8.694e+04,0.431,0.000e+00,0.149,-11.147,0.541,83.509,0.935,Hip-Hop
748,57.0,1.030e-01,0.279,4.966e+05,0.472,8.740e-01,0.063,-16.420,0.029,115.130,0.135,Rock
749,60.0,5.530e-02,0.568,,0.871,,0.303,-3.453,0.031,119.990,0.374,Rock
750,57.0,,,,,,0.255,-3.633,0.049,148.062,,Rock
751,54.0,1.450e-02,0.528,2.092e+05,0.875,0.000e+00,0.138,-5.912,0.044,136.830,0.479,Rock
752,58.0,1.980e-02,0.467,1.851e+05,0.815,1.230e-06,0.118,,0.052,140.047,0.335,Rock
753,29.0,8.430e-03,,2.752e+05,0.896,3.120e-02,0.128,-2.695,0.374,75.897,,Electronic
754,23.0,1.900e-02,0.519,2.566e+05,0.875,0.000e+00,0.315,-4.542,0.041,104.040,0.546,Anime
755,72.0,6.050e-01,0.669,2.312e+05,0.389,1.600e-01,0.090,-11.547,0.031,130.015,0.649,Rock
756,65.0,8.580e-01,0.654,1.344e+05,0.336,3.850e-01,0.079,-12.825,0.038,176.083,0.947,Rock
757,62.0,9.040e-02,0.395,2.350e+05,0.538,4.530e-04,0.069,-10.300,0.046,150.785,0.369,Rock
758,40.0,6.360e-04,0.384,1.804e+05,0.917,4.350e-05,0.409,-4.516,0.194,79.478,0.443,Blues
759,60.0,7.610e-04,,2.416e+05,0.933,0.000e+00,0.342,-4.759,0.074,92.998,,Rock
760,52.0,2.780e-01,0.542,2.864e+05,0.924,4.370e-04,0.083,-2.428,0.083,82.666,0.686,Rock
761,46.0,3.280e-02,0.569,2.049e+05,0.948,9.250e-01,0.093,,0.051,192.043,0.876,Electronic
762,46.0,1.290e-01,,4.923e+05,0.352,2.830e-01,0.110,-10.239,0.035,121.438,,Alternative
763,13.0,7.390e-01,0.400,1.730e+05,0.437,9.670e-01,0.132,-14.016,0.050,120.406,0.142,Anime
764,47.0,3.820e-03,0.583,2.247e+05,0.921,4.590e-01,0.226,-8.380,0.070,125.980,0.222,Rock
765,47.0,8.030e-01,0.193,2.512e+05,0.007,2.080e-01,0.098,-33.602,,94.681,0.037,Classical
766,48.0,,0.368,2.025e+05,,8.980e-01,0.082,-3.650,0.038,84.080,0.615,Alternative
767,53.0,2.630e-01,0.200,3.109e+05,0.434,0.000e+00,0.117,-14.274,0.029,83.876,0.370,Rock
768,67.0,9.990e-02,0.403,2.409e+05,0.777,3.280e-06,0.124,-6.416,0.035,76.329,0.149,Rock
769,,3.610e-05,0.420,,0.935,,0.065,-3.630,0.043,120.406,0.682,Anime
770,54.0,3.990e-02,0.575,1.780e+05,0.985,0.000e+00,0.166,-1.038,0.074,120.406,0.476,Rock
771,65.0,6.640e-01,0.582,2.158e+05,0.443,0.000e+00,0.070,-7.816,0.044,78.071,0.452,Alternative
772,45.0,9.990e-04,0.338,5.548e+05,0.812,1.390e-04,0.110,-4.816,0.035,160.030,0.317,Alternative
773,66.0,1.650e-01,0.589,-1.000e+00,0.603,0.000e+00,0.069,-5.517,0.043,76.874,0.456,Rock
774,29.0,9.720e-01,0.154,4.504e+05,0.012,8.470e-01,0.071,-31.067,0.047,80.151,0.052,Classical
775,,,0.648,,,,,-6.063,0.043,,0.510,Hip-Hop
776,52.0,1.320e-02,0.624,2.459e+05,0.684,0.000e+00,0.113,-4.745,0.310,164.070,0.255,Rap
777,56.0,3.980e-05,0.476,1.817e+05,0.907,4.320e-06,0.353,-3.938,0.059,96.515,0.303,Rap
778,57.0,1.640e-02,0.638,1.911e+05,0.682,1.090e-05,0.457,-3.798,0.053,142.977,0.206,Rock
779,31.0,1.580e-01,0.498,4.109e+05,0.571,9.450e-03,0.055,-8.341,0.028,139.226,0.492,Blues
780,55.0,,0.200,1.844e+05,,0.000e+00,0.339,-3.424,0.063,93.977,0.468,Alternative
781,57.0,5.540e-01,0.371,1.483e+05,0.724,0.000e+00,0.299,-9.792,0.056,170.377,0.916,Rock
782,81.0,3.870e-01,0.836,-1.000e+00,0.621,9.160e-05,0.104,-4.685,0.089,101.995,0.762,Hip-Hop
783,65.0,9.950e-04,0.602,2.616e+05,0.755,7.990e-02,0.412,-5.791,0.040,135.042,0.646,Rock
784,51.0,,0.445,-1.000e+00,,8.080e-04,0.082,-4.979,0.109,144.280,0.573,Alternative
785,41.0,9.620e-01,0.683,1.922e+05,0.094,7.620e-01,0.119,-20.776,0.052,123.967,0.403,Jazz
786,56.0,4.070e-02,,1.786e+05,0.625,1.130e-02,0.536,-7.429,0.027,120.406,,Rock
787,64.0,2.630e-01,0.782,-1.000e+00,0.508,7.060e-02,0.157,-7.153,0.231,137.954,0.356,Hip-Hop
788,49.0,3.200e-01,0.601,2.295e+05,0.558,3.750e-01,0.073,-8.353,0.044,92.948,0.416,Electronic
789,26.0,9.110e-01,0.129,4.729e+05,0.054,1.220e-01,0.060,-27.769,0.036,92.218,0.081,Classical
790,58.0,,0.406,3.200e+05,,8.930e-04,0.097,-7.871,0.031,118.633,0.246,Rock
791,57.0,,,2.415e+05,,1.180e-02,0.076,-2.843,0.218,99.919,,Rock
792,60.0,5.100e-02,0.443,2.679e+05,0.778,0.000e+00,0.267,-3.037,0.033,148.044,0.418,Rock
793,23.0,4.980e-02,0.708,2.854e+05,0.447,1.410e-05,0.273,-10.714,0.052,102.035,0.626,Electronic
794,58.0,3.400e-01,0.508,2.964e+05,0.638,3.200e-05,0.077,-4.671,0.028,120.406,0.484,Rock
795,67.0,1.020e-02,0.680,2.339e+05,0.536,1.050e-03,0.113,-6.669,0.058,119.958,0.417,Rock
796,40.0,9.100e-01,0.412,1.981e+05,0.077,1.440e-03,0.113,-20.142,0.032,171.168,0.518,Country
797,78.0,,0.824,1.371e+05,,3.700e-06,0.088,-6.346,0.091,140.039,0.157,Rap
798,36.0,9.140e-02,0.698,2.180e+05,0.921,0.000e+00,0.060,-4.091,0.039,120.406,0.685,Country
799,37.0,,,2.707e+05,,9.550e-01,0.206,-5.675,0.044,73.984,,Jazz
800,58.0,1.610e-01,0.416,2.115e+05,0.530,1.340e-06,0.108,-8.182,0.025,102.029,0.379,Rock
801,71.0,8.760e-03,0.533,1.708e+05,0.905,5.780e-01,0.070,-5.270,0.075,108.900,0.486,Rock
802,61.0,,0.285,2.381e+05,,3.920e-03,0.104,-6.833,,154.989,0.372,Rock
803,59.0,3.950e-01,0.439,-1.000e+00,0.469,5.730e-01,0.183,-9.283,0.031,127.440,0.193,Rock
804,55.0,2.870e-01,0.677,2.374e+05,0.450,1.850e-03,0.099,-9.352,0.033,119.912,0.432,Rock
805,40.0,,0.158,2.674e+05,,6.660e-01,0.364,-6.508,0.065,206.863,0.065,Blues
806,60.0,1.380e-01,0.516,-1.000e+00,0.745,0.000e+00,0.114,-5.674,0.038,120.406,0.770,Rock
807,32.0,9.950e-01,0.209,,0.015,,0.067,-29.801,0.041,120.406,0.118,Classical
808,40.0,4.230e-01,0.312,3.894e+05,0.379,4.130e-03,0.951,-9.930,0.031,105.734,0.285,Country
809,34.0,4.280e-01,,6.435e+05,0.640,4.470e-03,0.693,-12.263,0.076,159.814,,Jazz
810,56.0,3.210e-01,,2.083e+05,0.488,2.810e-05,0.148,-10.181,0.198,111.838,,Rap
811,64.0,4.820e-06,0.550,2.525e+05,0.765,8.730e-01,0.132,-8.684,0.029,120.406,0.417,Rock
812,53.0,,0.609,2.167e+05,,1.230e-03,0.370,-8.286,,121.768,0.754,Country
813,25.0,9.590e-01,0.463,3.516e+05,0.039,7.260e-01,0.106,-16.647,0.073,77.222,0.098,Blues
814,72.0,3.420e-01,0.547,2.085e+05,0.596,3.350e-01,0.148,-7.744,0.192,120.406,0.368,Hip-Hop
815,62.0,3.340e-01,0.486,-1.000e+00,0.565,4.100e-04,0.105,,0.033,167.938,0.210,Rock
816,63.0,3.930e-04,0.272,2.621e+05,0.747,4.030e-05,0.160,-4.860,0.040,202.777,0.255,Rock
817,65.0,2.220e-01,0.332,4.744e+05,0.623,8.830e-04,0.278,-12.365,0.080,182.630,0.416,Rock
818,37.0,3.830e-02,0.594,2.099e+05,0.735,0.000e+00,0.130,-5.408,0.052,121.947,0.752,Country
819,74.0,6.000e-01,0.334,3.361e+05,0.472,3.770e-06,0.317,-8.792,0.028,179.167,0.431,Rock
820,41.0,,0.546,4.180e+05,,0.000e+00,0.098,-8.161,0.026,78.310,0.325,Anime
821,,6.610e-02,0.739,,0.471,,0.116,-8.456,0.044,90.002,0.310,Rock
822,36.0,3.350e-02,0.661,3.141e+05,0.559,1.460e-01,0.082,-10.300,,95.994,0.602,Jazz
823,39.0,9.630e-01,0.474,4.988e+05,0.043,9.350e-01,0.110,-25.246,,129.786,0.145,Jazz
824,59.0,1.060e-03,0.582,-1.000e+00,0.765,5.060e-02,0.344,-6.544,0.038,128.164,0.528,Rock
825,39.0,1.560e-01,0.529,-1.000e+00,0.560,2.990e-02,0.155,-12.972,0.033,104.516,0.866,Country
826,55.0,4.250e-01,0.705,-1.000e+00,0.811,6.150e-05,0.126,-5.201,0.029,91.974,0.519,Rock
827,59.0,1.040e-01,0.595,,0.792,,,,0.030,,0.611,Rock
828,54.0,8.220e-02,0.628,2.244e+05,0.584,4.330e-01,0.298,-8.030,0.028,112.000,0.335,Rock
829,73.0,5.060e-01,0.744,3.283e+05,0.545,9.770e-02,0.065,-9.361,0.030,97.409,0.346,Rock
830,,4.260e-01,0.702,,0.901,,0.037,-4.450,0.026,97.862,0.919,Rock
831,25.0,9.960e-01,0.360,1.981e+05,0.061,8.850e-01,0.110,-25.708,0.045,92.864,0.110,Classical
832,48.0,,0.644,1.941e+05,,6.020e-01,0.311,-3.040,0.032,100.014,0.574,Rock
833,57.0,,0.518,-1.000e+00,,0.000e+00,0.072,-13.268,0.033,120.406,0.311,Rock
834,53.0,3.920e-01,0.373,3.312e+05,0.571,4.760e-02,0.126,-9.186,0.033,161.874,0.656,Rock
835,37.0,2.660e-02,0.491,3.241e+05,0.943,0.000e+00,0.210,-3.046,0.035,92.483,0.396,Anime
836,59.0,5.070e-01,0.581,1.162e+05,0.821,0.000e+00,0.108,-4.387,0.032,136.145,0.968,Rock
837,70.0,7.480e-01,0.401,-1.000e+00,0.527,3.050e-03,0.359,-15.632,0.061,133.749,0.208,Rock
838,77.0,3.810e-01,0.660,-1.000e+00,0.383,0.000e+00,0.119,-9.377,0.030,83.096,0.381,Rock
839,61.0,4.530e-01,0.508,2.133e+05,0.493,0.000e+00,0.241,-8.786,0.033,127.671,0.467,Country
840,57.0,2.420e-01,0.562,1.818e+05,0.798,0.000e+00,0.112,-3.873,0.031,143.979,0.579,
841,50.0,,0.522,1.411e+05,,0.000e+00,0.345,-4.137,0.046,144.499,0.852,Rock
842,59.0,2.930e-01,,2.485e+05,0.625,0.000e+00,0.150,-4.194,0.054,123.983,,Hip-Hop
843,65.0,2.180e-01,0.552,1.258e+05,0.742,0.000e+00,0.339,-7.963,0.045,138.591,0.751,Rock
844,42.0,7.730e-05,,2.873e+05,0.879,4.840e-02,0.329,-5.238,,180.050,,Classical
845,65.0,2.870e-05,0.529,,0.920,,0.058,-4.168,0.065,111.132,0.438,Rock
846,23.0,1.460e-01,0.744,1.615e+05,0.650,2.040e-01,0.224,-7.676,0.183,120.406,0.357,Electronic
847,48.0,3.340e-01,0.768,1.929e+05,0.766,0.000e+00,0.115,-3.697,0.089,129.985,0.676,Rap
848,59.0,1.330e-01,0.445,2.268e+05,0.771,0.000e+00,0.273,-4.607,0.050,147.913,0.448,Rock
849,59.0,1.900e-01,0.444,,0.560,,0.117,-5.179,0.027,172.224,0.340,Rock
850,68.0,1.070e-03,0.460,,0.796,,,-4.501,0.033,,0.182,Rock
851,54.0,2.740e-01,0.846,1.635e+05,0.752,0.000e+00,0.110,-4.942,0.449,140.018,0.575,Hip-Hop
852,56.0,2.270e-03,0.560,2.186e+05,0.688,0.000e+00,0.060,-4.437,0.056,76.997,0.611,Rock
853,37.0,,0.730,1.639e+05,,1.990e-06,0.179,-8.232,0.043,123.472,0.572,Jazz
854,50.0,5.550e-03,0.740,1.845e+05,0.497,0.000e+00,0.334,-5.309,0.152,147.026,0.067,Hip-Hop
855,58.0,1.960e-02,,2.468e+05,0.908,5.400e-03,0.137,-4.080,0.065,120.406,,Rock
856,45.0,,0.741,2.898e+05,,3.250e-02,0.305,-4.674,0.040,91.017,0.607,Jazz
857,60.0,1.300e-01,0.872,2.471e+05,0.679,7.460e-03,0.323,-10.026,0.156,120.406,0.948,Rock
858,46.0,7.640e-03,0.377,2.598e+05,0.903,9.740e-05,0.109,-6.423,0.074,195.909,0.353,Alternative
859,50.0,5.710e-02,0.681,-1.000e+00,0.747,2.120e-06,0.171,-5.731,,106.977,0.282,Country
860,53.0,2.480e-02,0.574,1.823e+05,0.701,3.120e-05,0.313,-6.038,0.057,145.069,0.250,Rock
861,40.0,1.680e-01,0.568,3.685e+05,0.330,5.460e-01,0.807,-16.029,0.026,106.142,0.297,Electronic
862,54.0,4.240e-01,0.669,2.693e+05,0.517,0.000e+00,0.155,-5.970,0.035,140.931,0.354,Rock
863,58.0,,0.445,1.925e+05,,3.510e-05,0.378,,0.134,94.025,0.297,Rock
864,55.0,,0.630,2.126e+05,,0.000e+00,0.303,-4.334,0.031,93.014,0.261,Rock
865,51.0,3.500e-02,0.352,-1.000e+00,0.808,0.000e+00,0.991,-8.097,0.043,162.096,0.485,Rock
866,47.0,5.400e-02,0.482,-1.000e+00,0.627,2.990e-06,0.111,-5.779,0.030,95.903,0.170,Alternative
867,54.0,1.730e-02,0.575,2.463e+05,0.591,0.000e+00,0.173,-5.916,,107.967,0.332,Rock
868,37.0,4.680e-02,0.513,2.300e+05,0.701,4.830e-06,0.349,-5.592,0.028,144.944,0.302,Country
869,53.0,,0.776,1.445e+05,,0.000e+00,0.169,-3.960,0.142,100.140,0.499,Rap
870,64.0,4.120e-01,0.652,1.636e+05,0.583,0.000e+00,0.119,-7.811,0.038,120.406,0.744,Rock
871,38.0,,0.455,3.953e+05,,1.180e-04,0.246,-10.118,,122.830,0.668,Blues
872,75.0,6.260e-02,,2.641e+05,0.505,9.220e-05,0.172,-9.129,0.026,74.807,,Rock
873,55.0,6.980e-03,0.581,2.340e+05,0.566,2.930e-06,0.097,-8.169,0.036,83.904,0.449,Rock
874,52.0,,0.387,2.274e+05,,2.750e-01,0.219,-6.981,0.062,176.426,0.757,Rock
875,42.0,,0.470,2.421e+05,,3.280e-02,0.641,-6.885,0.027,106.920,0.206,Alternative
876,42.0,,0.650,2.045e+05,,0.000e+00,0.160,-4.397,0.033,93.992,0.896,Country
877,55.0,3.960e-01,0.326,2.115e+05,0.650,0.000e+00,0.119,-9.574,0.199,84.461,0.438,Rap
878,73.0,9.170e-04,0.433,2.694e+05,0.959,0.000e+00,0.028,,0.043,120.406,0.365,Alternative
879,66.0,3.830e-02,0.668,2.315e+05,0.739,0.000e+00,0.130,-4.919,0.031,131.918,0.571,Rock
880,59.0,,,3.057e+05,,0.000e+00,0.063,-1.616,0.198,157.020,,Rap
881,68.0,,0.665,1.690e+05,,4.190e-06,0.125,-8.438,0.031,137.453,0.731,Rock
882,21.0,1.120e-03,0.626,2.116e+05,0.881,1.070e-05,0.254,-4.835,0.035,128.045,0.750,Anime
883,27.0,6.650e-01,0.327,-1.000e+00,0.132,8.320e-01,0.249,-17.153,0.041,120.406,0.216,Classical
884,58.0,2.350e-03,,3.978e+05,0.854,1.140e-03,0.158,-7.531,0.049,100.175,,Rock
885,50.0,6.400e-01,0.651,1.462e+05,0.712,6.090e-05,0.074,-6.790,0.043,82.961,0.804,Rock
886,54.0,5.640e-04,0.635,3.254e+05,0.756,8.680e-01,0.110,-9.421,0.038,129.998,0.106,Electronic
887,64.0,8.790e-02,0.428,2.281e+05,0.429,4.100e-04,0.168,-6.060,0.049,127.173,0.182,Rock
888,68.0,3.770e-01,0.648,3.499e+05,0.631,0.000e+00,0.120,-5.662,0.103,105.989,0.142,Rap
889,57.0,,0.626,1.886e+05,,2.190e-02,0.439,-2.734,0.072,133.204,0.433,Rock
890,35.0,2.390e-01,0.556,1.983e+05,0.867,0.000e+00,0.087,-4.904,0.032,133.073,0.810,Blues
891,46.0,1.910e-03,0.504,2.518e+05,0.952,0.000e+00,0.699,-3.449,0.064,104.007,0.237,Alternative
892,53.0,,0.726,2.272e+05,,0.000e+00,0.316,-6.677,0.364,82.548,0.607,Hip-Hop
893,58.0,7.510e-02,0.411,-1.000e+00,0.611,2.210e-04,0.076,-4.719,0.030,140.002,0.138,Rock
894,56.0,,0.529,-1.000e+00,,5.970e-05,0.121,-16.192,0.044,153.466,0.661,Rock
895,47.0,4.500e-01,0.381,6.752e+04,0.592,0.000e+00,0.534,-10.879,0.289,84.974,0.673,Hip-Hop
896,40.0,5.570e-01,0.531,2.397e+05,0.438,1.330e-04,0.104,-7.955,0.026,70.996,0.231,Country
897,28.0,7.140e-01,0.616,1.138e+05,0.186,1.320e-06,0.166,-13.757,0.051,119.747,0.878,Blues
898,32.0,4.090e-01,0.528,1.450e+05,0.566,8.740e-01,0.096,-10.951,0.038,149.885,0.482,Anime
899,30.0,3.130e-01,0.616,3.584e+05,0.464,9.160e-01,0.109,-17.747,0.047,177.829,0.113,Electronic
900,63.0,2.850e-02,0.599,1.803e+05,0.931,0.000e+00,0.102,-3.662,0.052,111.012,0.788,Rock
901,55.0,2.660e-01,0.707,2.216e+05,0.694,1.040e-06,0.283,-5.381,0.033,115.993,0.518,Rock
902,64.0,,0.824,2.495e+05,,1.060e-01,0.040,-10.960,0.145,73.949,0.895,Rock
903,62.0,2.730e-03,0.449,2.107e+05,0.971,0.000e+00,0.141,-3.660,0.048,144.031,0.414,Rap
904,64.0,2.990e-02,0.570,2.226e+05,0.830,0.000e+00,0.148,-5.096,0.058,155.014,0.765,Rock
905,61.0,7.960e-01,0.459,2.685e+05,0.317,0.000e+00,0.126,-6.856,0.028,137.748,0.297,Rock
906,65.0,,0.368,-1.000e+00,,0.000e+00,0.116,-5.100,0.044,197.639,0.294,Rock
907,34.0,,0.301,2.602e+05,,3.860e-05,0.110,-7.615,0.043,90.960,0.595,Blues
908,40.0,1.020e-01,,1.971e+05,0.837,0.000e+00,0.065,-4.385,0.036,170.034,,Country
909,72.0,4.220e-02,,2.613e+05,0.382,4.740e-06,0.411,-10.889,0.031,116.557,,Rock
910,51.0,2.360e-02,0.470,1.451e+05,0.564,3.890e-06,0.103,-9.241,0.216,122.111,0.408,Rap
911,47.0,7.920e-02,0.730,2.635e+05,0.543,5.590e-01,0.110,-8.418,0.064,166.024,0.796,Jazz
912,50.0,5.060e-02,0.502,2.111e+05,0.780,5.180e-04,0.090,-5.271,0.034,78.990,0.383,Country
913,51.0,4.910e-01,0.617,1.411e+05,0.656,7.840e-06,0.080,-8.023,0.304,84.712,0.475,Rock
914,60.0,1.210e-01,0.780,2.294e+05,0.467,1.340e-04,0.314,-6.645,0.253,96.056,0.312,Rap
915,59.0,,0.352,4.563e+05,,2.030e-02,0.125,-3.634,0.149,122.897,0.228,Rock
916,62.0,3.160e-02,0.558,,0.896,,,-3.687,0.054,,0.630,Rock
917,58.0,5.900e-04,0.594,2.187e+05,0.858,3.110e-06,0.064,-4.339,0.039,138.021,0.663,Rock
918,50.0,1.270e-01,0.458,2.023e+05,0.805,0.000e+00,0.664,-5.465,0.160,143.755,0.282,Hip-Hop
919,66.0,6.230e-01,0.752,2.333e+05,0.543,7.060e-02,0.107,-9.483,0.040,126.001,0.282,Rock
920,56.0,1.580e-01,0.660,1.588e+05,0.557,0.000e+00,0.543,-9.597,0.030,110.743,0.788,Rock
921,50.0,9.810e-01,0.228,4.410e+05,0.498,8.640e-01,0.704,-20.596,0.053,79.023,0.358,Classical
922,57.0,6.680e-05,0.448,2.430e+05,0.974,3.910e-04,0.119,-2.919,0.120,137.960,0.224,Rock
923,30.0,,0.560,,,,0.085,-24.839,0.041,164.163,0.576,Anime
924,48.0,,0.741,1.946e+05,,5.970e-02,0.126,-8.280,0.046,129.538,0.200,Hip-Hop
925,56.0,,0.542,2.031e+05,,0.000e+00,0.145,-5.137,0.042,140.900,0.637,Country
926,52.0,3.100e-03,0.769,1.953e+05,0.601,0.000e+00,0.272,-8.402,0.171,168.996,0.448,Hip-Hop
927,69.0,2.990e-01,,2.112e+05,0.665,0.000e+00,0.179,-5.611,0.072,104.239,,Hip-Hop
928,53.0,9.300e-03,,2.761e+05,0.646,4.690e-03,0.101,-6.962,0.028,173.974,,Rock
929,61.0,7.400e-01,0.571,2.337e+05,0.281,0.000e+00,0.163,-10.560,0.048,142.263,0.294,Rock
930,39.0,,,2.092e+05,,1.860e-02,0.121,-7.637,0.033,65.145,,Alternative
931,25.0,9.900e-01,0.296,2.632e+05,0.234,8.850e-01,0.078,-19.277,0.043,129.471,0.294,Anime
932,38.0,,,2.564e+05,,2.480e-06,0.146,-12.994,0.076,169.831,,Country
933,65.0,,0.444,1.456e+05,,6.590e-06,0.297,-3.724,0.104,125.896,0.411,Rock
934,62.0,3.260e-04,0.499,2.054e+05,0.958,2.190e-06,0.432,-5.417,0.090,127.491,0.359,Rock
935,65.0,2.730e-01,0.535,1.845e+05,0.524,0.000e+00,0.080,-6.225,0.192,80.538,0.891,Rap
936,45.0,1.260e-03,0.830,1.805e+05,0.868,1.100e-01,0.124,-4.223,0.159,149.950,0.702,Electronic
937,28.0,5.950e-01,0.163,1.620e+05,0.440,9.090e-01,0.142,-9.873,0.044,154.357,0.126,Anime
938,62.0,,0.623,1.623e+05,,6.170e-02,0.261,-3.548,0.151,134.975,0.271,Rock
939,40.0,,0.699,2.165e+05,,0.000e+00,0.274,-4.983,0.031,131.990,0.806,Country
940,53.0,7.450e-01,0.697,1.454e+05,0.676,5.110e-04,0.263,-5.273,0.044,120.406,0.705,Rock
941,56.0,4.340e-02,0.800,1.393e+05,0.672,0.000e+00,0.141,-7.925,0.320,76.023,0.871,Rap
942,56.0,9.840e-02,,1.973e+05,0.671,0.000e+00,0.084,-6.953,0.035,120.406,,Rock
943,62.0,2.700e-02,0.521,1.923e+05,0.901,6.510e-02,0.108,-5.518,0.067,131.182,0.817,Rock
944,51.0,1.510e-01,0.766,2.918e+05,0.681,8.680e-05,0.266,-6.919,0.057,141.940,0.853,Rock
945,57.0,,0.405,2.450e+05,,9.070e-05,0.104,-13.901,0.040,61.340,0.383,Rock
946,21.0,1.220e-01,0.866,2.959e+05,0.637,0.000e+00,0.073,-6.563,0.029,95.509,0.900,Blues
947,54.0,9.870e-01,0.281,1.734e+05,0.369,9.640e-01,0.274,-16.022,0.036,76.155,0.211,Rock
948,,,0.450,,,,0.094,-13.692,0.034,179.937,0.084,Rock
949,66.0,1.870e-03,0.552,2.997e+05,0.645,1.380e-06,0.042,-6.595,0.027,89.518,0.588,Rock
950,68.0,1.820e-01,0.661,2.663e+05,0.818,9.950e-04,0.053,-5.900,0.029,147.544,0.790,Rock
951,54.0,4.710e-02,0.798,1.909e+05,0.721,0.000e+00,0.063,-4.964,0.093,104.943,0.410,Rap
952,60.0,4.850e-05,0.518,1.898e+05,0.718,2.440e-01,0.250,-4.355,0.034,127.593,0.531,Rock
953,68.0,,0.717,2.050e+05,,8.940e-05,0.190,-3.677,0.030,105.017,0.942,Rock
954,62.0,3.540e-01,,-1.000e+00,0.775,0.000e+00,0.144,-6.613,0.043,106.013,,Rock
955,19.0,1.050e-01,0.511,1.481e+05,0.352,7.880e-01,0.217,-13.681,0.035,84.439,0.204,Anime
956,53.0,,0.440,2.215e+05,,5.430e-04,0.130,-6.422,0.038,162.095,0.337,Rock
957,55.0,1.970e-04,0.656,3.453e+05,0.864,1.070e-01,0.281,-7.895,0.041,93.197,0.617,Rock
958,37.0,9.040e-01,0.547,3.741e+05,0.116,8.480e-01,0.107,-21.946,0.035,105.115,0.344,Jazz
959,28.0,2.980e-02,0.489,2.417e+05,0.746,2.100e-01,0.100,-7.073,0.043,166.597,0.866,Blues
960,41.0,,0.729,-1.000e+00,,3.200e-04,0.340,-10.212,0.030,120.296,0.882,Country
961,29.0,6.840e-02,0.437,2.266e+05,0.722,8.480e-01,0.133,-8.987,0.046,139.077,0.192,Blues
962,66.0,1.750e-01,0.316,2.370e+05,0.860,4.920e-05,0.902,-5.038,0.066,100.888,0.195,Rock
963,62.0,6.000e-03,,,0.797,,0.392,-5.244,0.033,129.964,,Rock
964,54.0,4.890e-02,0.332,2.141e+05,0.731,3.470e-03,0.178,-4.565,0.045,90.028,0.636,Rock
965,45.0,4.640e-02,0.708,3.092e+05,0.745,8.730e-01,0.365,-6.961,0.042,122.016,0.161,Jazz
966,80.0,2.930e-03,0.442,1.815e+05,0.943,8.710e-06,0.091,-3.205,0.060,85.064,0.781,Rock
967,47.0,9.740e-02,,2.152e+05,0.880,0.000e+00,0.341,-5.098,0.038,76.007,,Country
968,53.0,,0.574,1.823e+05,,9.390e-05,0.323,-8.543,0.029,134.083,0.670,Rock
969,54.0,,0.488,3.523e+05,,1.570e-02,0.119,-12.020,0.033,106.063,0.323,Rock
970,54.0,4.480e-02,,2.743e+05,0.527,2.650e-06,0.101,-9.501,0.026,113.881,,Rock
971,54.0,1.730e-01,0.811,2.509e+05,0.472,4.070e-01,0.097,-13.446,0.043,131.983,0.822,Rock
972,,5.400e-01,0.862,,0.412,,0.061,-4.877,0.045,99.964,0.614,Blues
973,63.0,9.150e-02,0.546,2.053e+05,0.786,8.670e-05,0.168,-5.060,0.040,126.003,0.679,Rock
974,69.0,4.160e-02,0.341,2.556e+05,0.674,5.470e-06,0.345,-7.643,0.049,88.933,0.452,Rock
975,53.0,,0.107,3.454e+05,,9.340e-01,0.081,-16.150,0.034,77.787,0.036,Rock
976,30.0,8.320e-01,0.184,3.291e+05,0.092,9.400e-01,0.112,-17.910,0.041,127.207,0.033,Jazz
977,55.0,1.210e-01,0.625,2.189e+05,0.826,0.000e+00,0.158,-5.037,0.033,99.919,0.699,Rock
978,,2.790e-01,0.516,,0.738,,,-7.210,0.415,,0.595,Rap
979,49.0,2.690e-01,,2.986e+05,0.895,4.170e-06,0.400,-3.258,0.335,167.974,,Hip-Hop
980,55.0,,,1.511e+05,,2.040e-05,0.075,-12.617,0.030,129.175,,
981,57.0,9.930e-02,0.439,2.582e+05,0.591,2.250e-03,0.072,-6.407,0.042,125.893,0.397,Rock
982,53.0,,0.450,4.156e+05,,2.840e-04,0.041,-14.218,0.033,118.782,0.366,Rock
983,46.0,,,1.647e+05,,2.870e-05,0.062,-12.848,0.033,120.406,,Blues
984,70.0,2.720e-01,0.470,-1.000e+00,0.809,6.710e-03,0.049,-6.740,0.050,151.836,0.490,Rock
985,53.0,2.520e-04,0.276,2.660e+05,0.883,4.620e-01,0.097,-5.625,0.045,164.052,0.164,Rock
986,61.0,6.080e-01,0.673,1.170e+05,0.349,0.000e+00,0.380,-12.414,0.037,124.451,0.609,Rock
987,49.0,1.210e-02,0.300,1.813e+05,0.965,7.420e-04,0.687,-6.724,0.043,178.963,0.793,Country
988,52.0,,0.397,2.240e+05,,1.180e-01,0.109,-11.766,0.036,117.971,0.343,Rock
989,0.0,9.860e-01,0.343,2.590e+05,0.015,9.080e-01,0.181,-30.433,0.045,169.220,0.102,Classical
990,54.0,6.550e-01,0.699,2.521e+05,0.197,0.000e+00,0.072,-14.792,0.038,122.871,0.361,Rock
991,79.0,,0.623,1.914e+05,,0.000e+00,0.135,-8.699,0.035,130.032,0.721,Rock
992,52.0,1.520e-01,0.715,1.303e+05,0.684,0.000e+00,0.473,-8.138,0.549,89.963,0.767,Hip-Hop
993,53.0,8.240e-03,0.502,2.118e+05,0.758,0.000e+00,0.102,-5.035,0.072,149.738,0.423,Rock
994,66.0,4.440e-01,0.579,2.456e+05,0.605,6.450e-04,0.110,-6.686,0.033,121.793,0.740,Rock
995,59.0,,0.597,1.827e+05,,1.910e-03,0.501,-4.727,0.110,87.479,0.866,Rock
996,61.0,4.840e-04,0.348,1.879e+05,0.893,6.360e-05,0.281,-4.589,,148.043,0.392,Rock
997,38.0,3.320e-02,0.608,2.186e+05,0.938,0.000e+00,0.310,-2.681,0.287,134.198,0.436,Electronic
998,63.0,,0.691,1.989e+05,,6.840e-04,0.119,-10.843,0.039,135.954,0.613,Rock
999,34.0,,0.519,4.089e+05,,7.870e-03,0.337,-6.850,0.030,125.844,0.152,Blues